market,stock_id,n_events,first_jump,max_jump_x,price_max,reason
US,NUTX,7,2013-08-07,510.0,56250.0,單日≥300%｜跳動後未回落｜股價絕對值不合理
US,FUBO,9,2015-12-11,104.60732984293195,82800.0,股價絕對值不合理
US,BMNR,44,2000-01-11,100.99549887471868,3748900.0,跳動後未回落｜股價絕對值不合理
US,UCB,1,2002-03-18,56.606562222879106,116.02,單日≥300%｜跳動後未回落
US,GLXY,4,2006-12-12,52.64546077965923,681.09,跳動後未回落
US,DFTX,5,2018-10-31,48.0,70.35,單日≥300%｜跳動後未回落
US,QUBT,31,2008-05-06,40.0,5000.0,單日≥300%｜跳動後未回落｜股價絕對值不合理
US,AMPY,2,2015-08-28,31.855927557712217,113.24,跳動後未回落
US,CZR,1,2014-09-22,30.655391120507396,119.49,單日≥300%｜跳動後未回落
US,DUOT,3,2017-02-24,28.98550724637681,1078.0,跳動後未回落｜股價絕對值不合理
US,AREC,3,2018-03-01,22.0,14.0,單日≥300%｜跳動後未回落
TW,8011,1,2011-09-19,19.021950238464633,61.212,單日≥300%｜跳動後未回落
US,BNTC,2,2020-04-20,16.674606955693186,347.606,跳動後未回落
US,DRUG,4,2023-04-03,15.457831325301205,95.99,單日≥300%｜跳動後未回落
US,SPRB,2,2021-12-17,14.784580498866214,2431.5,股價絕對值不合理
US,VABK,1,2012-01-17,14.44771911840082,47.45,單日≥300%｜跳動後未回落
TW,6130,1,2011-12-15,13.366954498132156,355.401,單日≥300%｜跳動後未回落
US,CRC,1,2020-10-28,12.647619047619047,85.91,單日≥300%｜跳動後未回落
US,PSFE,1,2022-04-01,12.566371681415928,42.6,單日≥300%｜跳動後未回落
US,KINS,1,2009-03-19,12.5,21.4,單日≥300%｜跳動後未回落
US,GDC,4,2019-02-01,12.4,71250.0,跳動後未回落｜股價絕對值不合理
US,SEZL,5,2022-10-14,12.000048000192,188.55,跳動後未回落
US,FMC,1,2002-01-02,11.40228045609122,120.47,單日≥300%｜跳動後未回落
US,PAYS,7,2008-03-04,11.0,17.95,跳動後未回落
US,GLSI,1,2020-12-09,10.98076923076923,72.22,單日≥300%｜跳動後未回落
TW,3095,1,2022-07-29,10.927808219178083,190.508,單日≥300%｜跳動後未回落
US,DHC,1,2003-09-16,10.13277428371768,16.19,單日≥300%｜跳動後未回落
US,IVT,2,2021-09-24,10.065868263473053,36.73,單日≥300%｜跳動後未回落
US,ASTH,6,2009-04-13,8.5,119.45,單日≥300%｜跳動後未回落
US,XPEL,6,2009-04-01,8.0,101.4,單日≥300%｜跳動後未回落
US,PED,5,2012-08-09,7.596153846153846,3000.0,股價絕對值不合理
US,VNDA,1,2009-05-07,7.259259259259259,31.67,單日≥300%｜跳動後未回落
US,SMTI,29,2000-01-11,6.8,3600.0,跳動後未回落｜股價絕對值不合理
US,INDV,1,2022-11-28,6.718849840255592,41.83,單日≥300%｜跳動後未回落
US,TGTX,1,2012-02-06,6.671936758893281,233.44,單日≥300%｜跳動後未回落
TW,6103,1,2022-07-29,6.55020979020979,812.791,單日≥300%｜跳動後未回落
US,WATT,3,2017-12-27,6.54320987654321,18942.0,跳動後未回落｜股價絕對值不合理
US,TRON,1,2025-06-16,6.337931034482758,11.04,單日≥300%｜跳動後未回落
US,RCAT,63,2002-02-12,6.2,450000.0,股價絕對值不合理
US,PROK,1,2025-07-08,6.1500412201154155,13.78,單日≥300%｜跳動後未回落
US,ORGO,2,2019-01-09,6.127232142857142,150.0,單日≥300%｜跳動後未回落
US,ARWR,12,2000-01-19,6.0,162.5,跳動後未回落
US,NGNE,1,2015-08-07,5.82122905027933,442.6,單日≥300%｜跳動後未回落
US,ASST,1,2025-05-07,5.557377049180328,355.0,單日≥300%｜跳動後未回落
US,SBET,3,2018-07-10,5.331845238095238,24480.0,股價絕對值不合理
US,FIS,1,2008-07-03,5.22027972027972,136.96,單日≥300%｜跳動後未回落
US,BCO,1,2008-11-03,5.172169811320755,135.25,單日≥300%｜跳動後未回落
TW,4198,1,2022-07-29,5.154867256637169,167.333,單日≥300%｜跳動後未回落
US,SVC,1,2026-07-06,5.028901734104046,20.12,單日≥300%｜跳動後未回落
TW,3043,1,2022-07-29,5.011627906976744,89.4323,單日≥300%｜跳動後未回落
TW,8101,2,2022-07-29,5.0,102.359,跳動後未回落
US,COGT,2,2020-07-06,4.943820224719102,67.08,單日≥300%｜跳動後未回落
US,HWBK,1,2000-02-22,4.912,40.23,單日≥300%｜跳動後未回落
US,EPSN,1,2015-06-05,4.8748648703775475,8.01,單日≥300%｜跳動後未回落
TW,8077,1,2022-07-29,4.868421052631579,328.721,單日≥300%｜跳動後未回落
US,ORKA,2,2010-03-26,4.863083562181248,36953000.0,股價絕對值不合理
US,HUT,1,2023-04-03,4.837837837837837,133.02,單日≥300%｜跳動後未回落
US,CAPR,4,2007-02-14,4.710691823899371,3250.0,跳動後未回落｜股價絕對值不合理
US,HCC,1,2017-11-24,4.666666666666667,110.28,單日≥300%｜跳動後未回落
US,SRRK,2,2020-10-27,4.619946091644205,68.02,跳動後未回落
US,AVTX,2,2017-07-06,4.578947368421052,20793.6,股價絕對值不合理
US,SXT,1,2000-03-23,4.575892857142857,126.79,單日≥300%｜跳動後未回落
US,MVST,1,2024-11-13,4.40011068068622,24.5,單日≥300%｜跳動後未回落
US,ALOY,3,2019-07-19,4.339130434782609,63.0,單日≥300%｜跳動後未回落
US,SYRE,1,2023-06-22,4.30188679245283,299.75,單日≥300%｜跳動後未回落
US,ACLS,1,2007-06-13,4.265442404006678,200.48,單日≥300%｜跳動後未回落
TW,5314,1,2022-07-29,4.1213138686131385,181.739,單日≥300%｜跳動後未回落
US,PRG,27,2000-04-05,4.117816091954023,74.79,跳動後未回落
TW,8291,1,2024-01-02,4.012466666666667,133.0,單日≥300%｜跳動後未回落
TW,6287,1,2022-07-29,4.0,116.783,單日≥300%｜跳動後未回落
US,CBT,1,2000-10-02,3.984962406015037,112.54,跳動後未回落
US,TENX,3,2000-02-10,3.9743589743589745,19200000.0,跳動後未回落｜股價絕對值不合理
US,PBYI,1,2014-07-23,3.954429950872438,275.07,跳動後未回落
US,ALT,2,2018-09-19,3.8548009367681506,133.2,跳動後未回落
US,CADL,1,2024-04-04,3.8095238095238098,14.0,跳動後未回落
TW,4414,1,2024-01-02,3.805558659217877,51.8209,跳動後未回落
US,CSW,1,2015-09-30,3.7242268041237114,429.59,跳動後未回落
US,SMMT,2,2022-12-06,3.7142857142857144,36.7,跳動後未回落
US,MDGL,2,2018-05-31,3.6807210031347966,602.83,跳動後未回落
TW,2380,1,2024-01-02,3.6681671554252198,59.1923,跳動後未回落
US,VRDN,3,2015-02-13,3.6492693110647183,2045.25,股價絕對值不合理
US,GEVO,3,2015-05-07,3.618233618233618,153300.0,股價絕對值不合理
US,ABAT,1,2016-05-27,3.6,61.13,跳動後未回落
US,CYRX,3,2006-10-11,3.6,765.6,跳動後未回落
US,ZENA,1,2024-11-25,3.5865921787709496,10.3,跳動後未回落
US,XFOR,1,2018-11-27,3.5517241379310343,4685.4,跳動後未回落｜股價絕對值不合理
US,RZLT,1,2019-01-07,3.5,750.0,跳動後未回落
US,DMRA,1,2025-11-10,3.484848484848485,421.0,跳動後未回落
TW,4192,1,2023-07-10,3.4472934472934473,143.5,跳動後未回落
US,IDXX,1,2007-06-14,3.4367906066536205,766.68,跳動後未回落
US,QXO,80,2007-11-14,3.4031071136549467,46308.2,股價絕對值不合理
US,BDTX,1,2023-06-27,3.3586956521739126,44.8,跳動後未回落
US,BKKT,2,2021-10-25,3.3442622950819674,1063.0,跳動後未回落｜股價絕對值不合理
US,GYRE,3,2009-07-15,3.34280303030303,42949.4,跳動後未回落｜股價絕對值不合理
TW,3064,1,2024-01-02,3.3333363636363633,933.928,跳動後未回落
US,NERV,1,2016-05-26,3.3333333333333335,117.6,跳動後未回落
US,UVE,10,2001-09-28,3.3333333333333335,45.02,跳動後未回落
US,TSSI,3,2015-12-31,3.3333333333333335,31.1,跳動後未回落
US,MGNX,2,2019-02-06,3.3092105263157894,40.21,跳動後未回落
US,JANX,1,2024-02-27,3.294701986754967,66.83,跳動後未回落
US,STXS,2,2013-07-30,3.2865112155114553,146.898,跳動後未回落
US,RXT,1,2026-02-18,3.2696897374701677,26.07,跳動後未回落
US,SIDU,3,2022-06-15,3.25,1219.0,跳動後未回落｜股價絕對值不合理
US,RIGL,1,2007-12-13,3.24375,1068.75,跳動後未回落｜股價絕對值不合理
TW,5345,1,2023-09-25,3.2386363636363633,1151.09,跳動後未回落
US,BETR,2,2023-07-25,3.2302504816955686,2479.0,股價絕對值不合理
US,OCGN,2,2020-12-22,3.229813664596273,708.0,跳動後未回落
US,ACRS,1,2021-01-19,3.202380952380952,32.99,跳動後未回落
US,MFA,1,2020-03-25,3.1618749592541886,13.69,跳動後未回落
US,CTMX,2,2024-05-01,3.147239263803681,34.22,跳動後未回落
TW,2321,1,2022-07-29,3.1238230088495573,468.052,跳動後未回落
US,GSIT,2,2023-05-12,3.103658536585366,12.97,跳動後未回落
US,ACR,1,2009-12-29,3.0814196653069654,322.92,跳動後未回落
US,CNTN,1,2025-08-20,3.0683760683760686,1537.5,跳動後未回落｜股價絕對值不合理
US,DCTH,2,2018-05-04,3.051851851851852,6076.0,跳動後未回落｜股價絕對值不合理
US,KNTK,1,2020-11-05,3.042813455657492,67.11,跳動後未回落
US,KODK,2,2018-01-09,3.030534351145038,37.2,跳動後未回落
US,TRAK,3,2002-12-20,2.999239918650753,100.41,跳動後未回落
US,SRPT,2,2012-07-24,2.9973315543695795,178.74,跳動後未回落
US,EPM,9,2000-01-06,2.9965034965034967,1428.93,股價絕對值不合理
US,ERII,1,2015-10-20,2.975609756097561,30.61,跳動後未回落
US,IVVD,2,2023-12-18,2.9633771316745876,56.08,跳動後未回落
US,MITK,1,2008-07-31,2.941176470588235,23.03,跳動後未回落
US,LTBR,8,2002-08-15,2.941176470588235,4050.0,股價絕對值不合理
US,RCKT,1,2015-07-23,2.938814531548757,70.6,跳動後未回落
US,ELDN,1,2020-09-15,2.929618768328446,3849.12,跳動後未回落｜股價絕對值不合理
US,CBIO,1,2024-10-29,2.9131985731272296,2535.0,跳動後未回落｜股價絕對值不合理
US,IDR,3,2000-03-16,2.903225806451613,52.66,跳動後未回落
US,TSHA,1,2023-08-14,2.8822733423545333,31.75,跳動後未回落
US,XPO,1,2006-06-06,2.871197247028522,228.37,跳動後未回落
US,SERV,1,2024-07-19,2.870722433460076,22.92,跳動後未回落
US,CDZI,1,2002-10-16,2.857142857142857,309.375,跳動後未回落
US,CHCI,2,2008-09-02,2.846153846153846,207.9,跳動後未回落
US,SVRA,1,2019-12-30,2.8381502890173413,16.76,跳動後未回落
US,PRAX,1,2025-10-16,2.8371403661726244,903.0,跳動後未回落
US,SBRA,1,2003-04-23,2.8334376653403903,22.39,跳動後未回落
TW,6541,1,2022-07-29,2.8317095310136158,187.176,跳動後未回落
US,FCFS,1,2000-06-01,2.8254900708767003,232.57,跳動後未回落
TW,1512,1,2022-07-29,2.8010679611650486,17.1997,跳動後未回落
US,WT,3,2002-10-28,2.800007170037438,20.69,跳動後未回落
US,NEXT,1,2015-06-04,2.7981402778173936,12.0,跳動後未回落
US,EYPT,1,2023-12-04,2.7745839636913767,401.6,跳動後未回落
US,SLS,2,2018-04-02,2.7636932707355246,408000.0,跳動後未回落｜股價絕對值不合理
US,PALI,2,2017-12-05,2.758921396470133,5453660.0,股價絕對值不合理
US,LODE,5,2002-08-13,2.75000440001408,568181.0,跳動後未回落｜股價絕對值不合理
US,DAR,1,2000-09-21,2.75,87.18,跳動後未回落
US,ESOA,2,2013-04-01,2.75,19.34,跳動後未回落
US,ALNT,1,2000-01-31,2.745454545454545,102.93,跳動後未回落
US,NAGE,3,2008-12-09,2.7272727272727275,18.74,跳動後未回落
US,TAYD,1,2004-12-27,2.721774193548387,89.95,跳動後未回落
US,REI,1,2011-05-20,2.70509977827051,20.35,跳動後未回落
US,NXDT,1,2015-04-01,2.6878453038674035,11.65,跳動後未回落
US,CRCL,1,2025-06-05,2.6848387096774196,263.45,跳動後未回落
US,CATX,3,2009-08-18,2.6741996233521657,82.5,跳動後未回落
TW,4530,1,2024-01-02,2.6717733990147785,131.052,跳動後未回落
US,CELC,1,2025-07-28,2.671750181554103,144.98,跳動後未回落
US,CRVS,2,2021-09-17,2.6596273291925465,25.52,跳動後未回落
US,REPX,2,2015-09-18,2.6578581363004172,1395.94,股價絕對值不合理
US,NVTS,1,2025-05-22,2.643979057591623,31.79,跳動後未回落
US,AXSM,1,2019-01-07,2.612167300380228,255.17,跳動後未回落
US,SANA,1,2025-01-08,2.606060606060606,43.5,跳動後未回落
US,NKTR,1,2025-06-24,2.5628930817610063,1626.6,跳動後未回落｜股價絕對值不合理
US,LPTH,1,2006-01-09,2.56,522.5,跳動後未回落
TW,4950,1,2024-01-02,2.541741741741742,48.039,跳動後未回落
US,OMER,1,2025-10-15,2.5414634146341464,26.69,跳動後未回落
US,LVWR,1,2025-05-27,2.5346534653465347,12.29,跳動後未回落
US,UNCY,1,2023-03-06,2.530612244897959,58.5,跳動後未回落
US,BNED,2,2024-05-17,2.526670409882089,1527.0,股價絕對值不合理
TW,5468,1,2007-06-05,2.516663282248528,432.895,跳動後未回落
US,EXPE,2,2005-08-09,2.510362694300518,304.27,跳動後未回落
US,EU,4,2014-09-19,2.5,9.2,跳動後未回落
US,WVE,1,2025-12-08,2.472630173564753,55.2,跳動後未回落
US,LEU,2,2014-07-01,2.438944399895485,6821.43,跳動後未回落｜股價絕對值不合理
US,CRNC,2,2024-11-21,2.4375788146279946,133.43,跳動後未回落
US,THRM,1,2009-01-12,2.435064935064935,98.58,跳動後未回落
US,HQI,1,2005-10-07,2.427162707306141,94.77,跳動後未回落
US,GERN,1,2003-03-18,2.4207317073170733,65.99,跳動後未回落
TW,2314,1,2024-01-02,2.4194435483870964,264.184,跳動後未回落
US,NKTX,1,2022-04-25,2.4092664092664093,75.62,跳動後未回落
TW,2603,1,2022-07-29,2.4024021739130434,243.007,跳動後未回落
TW,6225,1,2022-07-29,2.4022389937106916,485.137,跳動後未回落
TW,4806,1,2024-01-02,2.3983402489626555,95.3304,跳動後未回落
US,RDNW,1,2020-07-17,2.3936567164179103,214.0,跳動後未回落
US,HYMC,1,2022-03-10,2.380952380952381,158.2,跳動後未回落
US,OLMA,1,2025-11-18,2.363849765258216,54.5,跳動後未回落
US,ARMP,4,2003-06-05,2.3636363636363638,1785000.0,跳動後未回落｜股價絕對值不合理
US,CPRX,1,2010-04-12,2.3625,31.5,跳動後未回落
US,ACAD,3,2007-03-19,2.360869565217391,57.0,跳動後未回落
US,CCCC,1,2023-12-13,2.3547008547008548,50.5,跳動後未回落
US,RLMD,1,2019-10-15,2.339285714285714,14.88,跳動後未回落
US,TVTX,1,2012-12-03,2.338308457711443,59.03,跳動後未回落
US,CELH,1,2008-10-20,2.33335,96.11,跳動後未回落
US,HROW,4,2011-03-15,2.326839826839827,57.48,跳動後未回落
US,GRBK,1,2014-03-31,2.3268292682926828,147.91,跳動後未回落
US,SIGA,1,2006-10-18,2.3046875,18.05,跳動後未回落
US,STTK,1,2023-12-13,2.303317535545024,57.61,跳動後未回落
US,PDYN,1,2024-11-22,2.3,59.88,跳動後未回落
US,AXGN,3,2003-02-14,2.285717773948472,55.9,跳動後未回落
US,ASYS,1,2000-08-16,2.2857142857142856,29.07,跳動後未回落
US,FBRX,2,2020-02-21,2.284991568296796,6525.0,跳動後未回落｜股價絕對值不合理
US,IMMR,1,2003-07-29,2.280487804878049,64.42,跳動後未回落
US,FCEL,2,2019-07-02,2.272727272727273,222569.0,跳動後未回落｜股價絕對值不合理
US,IOVA,3,2012-08-03,2.272727272727273,159.0,跳動後未回落
TW,5701,1,2023-04-26,2.26890756302521,51.8571,跳動後未回落
US,ATRC,1,2009-05-05,2.2571428571428576,87.14,跳動後未回落
US,FULC,1,2021-08-10,2.253301320528211,30.97,跳動後未回落
US,VSTM,1,2023-05-26,2.244444444444444,210.84,跳動後未回落
US,BKTI,1,2000-01-20,2.2435897435897436,96.95,跳動後未回落
US,CCOI,1,2003-06-09,2.237347294938918,78.81,跳動後未回落
US,USAU,1,2020-03-24,2.2289156626506026,27848.1,股價絕對值不合理
US,TNXP,2,2020-02-26,2.2255192878338277,1098560000.0,跳動後未回落｜股價絕對值不合理
US,BORR,1,2019-07-30,2.222352941176471,26.75,跳動後未回落
US,LAD,1,2008-10-29,2.218978102189781,427.48,跳動後未回落
US,KRYS,1,2021-11-29,2.2165285104245163,378.15,跳動後未回落
US,VKTX,2,2018-05-31,2.210239085239085,94.5,跳動後未回落
US,ABEO,2,2006-10-06,2.2083333333333335,79501.3,股價絕對值不合理
TW,3494,1,2024-01-02,2.2045826771653547,74.7933,跳動後未回落
US,BLFS,1,2009-04-14,2.2,60.5,跳動後未回落
US,INSM,2,2017-09-05,2.196094385679414,211.41,跳動後未回落
US,BXC,1,2008-12-23,2.1904761904761907,155.146,跳動後未回落
US,AMTX,2,2018-03-16,2.1875,240.0,跳動後未回落
US,PLUG,1,2000-01-07,2.179310344827586,1497.5,股價絕對值不合理
US,AGL,1,2026-05-07,2.178096947935368,1081.25,跳動後未回落｜股價絕對值不合理
TW,5301,1,2024-01-02,2.1771943127962086,464.796,跳動後未回落
US,DCH,1,2009-08-18,2.1755725190839694,36.8685,跳動後未回落
US,WLDN,1,2009-08-25,2.167630057803468,134.94,跳動後未回落
US,SNEX,1,2002-10-23,2.1666666666666665,139.01,跳動後未回落
TW,3321,1,2023-08-31,2.1617418351477453,38.222,跳動後未回落
US,NCMI,1,2023-04-12,2.1472081218274113,99.72,跳動後未回落
US,RILY,1,2014-05-20,2.1468531468531467,104.23,跳動後未回落
US,SUPN,1,2012-06-26,2.141856392294221,59.85,跳動後未回落
TW,6289,1,2022-07-29,2.1353383458646613,294.91,跳動後未回落
US,TECX,1,2025-01-30,2.132192846034215,632.4,跳動後未回落
US,AGM,1,2009-05-12,2.1315789473684212,227.6,跳動後未回落
US,ODC,39,2000-01-04,2.1242697822623473,106.44,跳動後未回落
US,KRMD,2,2003-04-28,2.111111111111111,12.42,跳動後未回落
US,MIRM,1,2019-12-16,2.10989010989011,128.57,跳動後未回落
US,QBTS,1,2023-05-22,2.107438016528926,44.78,跳動後未回落
US,VGZ,1,2002-05-20,2.1,13.23,跳動後未回落
US,ELA,1,2008-10-13,2.1,28.88,跳動後未回落
US,BNAI,2,2024-05-29,2.091666666666667,137.5,跳動後未回落
TW,9110,1,2024-01-02,2.0906432748538015,20.9486,跳動後未回落
US,PARR,1,2012-09-14,2.0833333333333335,86.03,跳動後未回落
US,ELMD,1,2013-12-30,2.0693069306930694,46.31,跳動後未回落
US,LENZ,1,2024-03-22,2.066326530612245,49.05,跳動後未回落
US,MAGN,1,2024-02-07,2.0625,317.45,跳動後未回落
US,IDT,1,2001-05-17,2.0586319218241043,69.54,跳動後未回落
US,LXRX,1,2021-01-14,2.053571428571429,329.88,跳動後未回落
US,MDLZ,1,2012-10-02,2.0515873015873014,71.47,跳動後未回落
US,IVZ,1,2007-09-27,2.047337278106509,30.5,跳動後未回落
US,DDD,1,2021-01-07,2.0427046263345194,96.42,跳動後未回落
US,GME,1,2021-02-24,2.040035587188612,86.88,跳動後未回落
US,LINC,1,2015-09-30,2.04,55.68,跳動後未回落
US,TNGX,1,2023-08-09,2.0391644908616184,32.9,跳動後未回落
US,ABOS,1,2022-09-28,2.0382978723404253,20.28,跳動後未回落
US,CPSS,1,2000-05-18,2.036231884057971,16.72,跳動後未回落
US,HIG,1,2008-12-05,2.023346303501946,145.68,跳動後未回落
US,INBX,1,2025-10-24,2.020098730606488,141.84,跳動後未回落
US,XENE,1,2021-10-04,2.019230769230769,70.96,跳動後未回落
US,DIN,1,2008-10-28,2.0174081237911023,80.57,跳動後未回落
US,REPL,1,2025-07-30,2.013333333333333,52.65,跳動後未回落
US,ANAB,1,2017-10-10,2.0120017145306472,85.7,跳動後未回落
TW,3085,1,2022-07-29,2.0091324200913245,349.919,跳動後未回落
TW,4944,1,2022-07-29,2.001955555555556,186.687,跳動後未回落
TW,4510,1,2024-07-31,2.0010682454390425,60.8157,跳動後未回落
US,NAUT,1,2021-02-08,2.000892060660125,22.43,跳動後未回落
US,SES,1,2024-12-26,2.0,11.14,跳動後未回落
US,APPS,1,2006-08-15,2.0,94.74,跳動後未回落
US,PCYO,1,2000-12-29,2.0,16.44,跳動後未回落
US,APLD,1,2022-07-19,2.0,49.65,跳動後未回落
US,LFMD,1,2002-12-13,2.0,30.55,跳動後未回落
US,RDNT,1,2000-02-14,2.0,86.38,跳動後未回落
US,HDSN,1,2019-08-26,2.0,14.96,跳動後未回落
US,MBX,1,2025-09-22,2.0,66.46,跳動後未回落
TW,3191,1,2024-01-02,2.0,59.1,跳動後未回落
US,RLGT,1,2008-11-20,2.0,9.61,跳動後未回落
US,ACHC,1,2000-01-26,2.0,89.06,跳動後未回落
