high門檻,low門檻,same誤判為高互補,cross判為高互補,cross誤判為低互補,核心結論成立
0.3,0.65,1,0,3,False
0.3,0.66,1,0,3,False
0.3,0.67,1,0,3,False
0.3,0.68,1,0,3,False
0.3,0.69,1,0,3,False
0.3,0.7,1,0,3,False
0.3,0.71,1,0,3,False
0.3,0.72,1,0,3,False
0.3,0.73,1,0,3,False
0.3,0.74,1,0,3,False
0.3,0.75,1,0,3,False
0.3,0.76,1,0,3,False
0.3,0.77,1,0,3,False
0.3,0.78,1,0,3,False
0.3,0.79,1,0,3,False
0.3,0.8,1,0,3,False
0.3,0.81,1,0,3,False
0.3,0.82,1,0,3,False
0.3,0.83,1,0,3,False
0.3,0.84,1,0,3,False
0.3,0.85,1,0,3,False
0.3,0.86,1,0,3,False
0.3,0.87,1,0,3,False
0.3,0.88,1,0,3,False
0.3,0.89,1,0,3,False
0.3,0.9,1,0,3,False
0.31,0.65,1,0,3,False
0.31,0.66,1,0,3,False
0.31,0.67,1,0,3,False
0.31,0.68,1,0,3,False
0.31,0.69,1,0,3,False
0.31,0.7,1,0,3,False
0.31,0.71,1,0,3,False
0.31,0.72,1,0,3,False
0.31,0.73,1,0,3,False
0.31,0.74,1,0,3,False
0.31,0.75,1,0,3,False
0.31,0.76,1,0,3,False
0.31,0.77,1,0,3,False
0.31,0.78,1,0,3,False
0.31,0.79,1,0,3,False
0.31,0.8,1,0,3,False
0.31,0.81,1,0,3,False
0.31,0.82,1,0,3,False
0.31,0.83,1,0,3,False
0.31,0.84,1,0,3,False
0.31,0.85,1,0,3,False
0.31,0.86,1,0,3,False
0.31,0.87,1,0,3,False
0.31,0.88,1,0,3,False
0.31,0.89,1,0,3,False
0.31,0.9,1,0,3,False
0.32,0.65,1,0,3,False
0.32,0.66,1,0,3,False
0.32,0.67,1,0,3,False
0.32,0.68,1,0,3,False
0.32,0.69,1,0,3,False
0.32,0.7,1,0,3,False
0.32,0.71,1,0,3,False
0.32,0.72,1,0,3,False
0.32,0.73,1,0,3,False
0.32,0.74,1,0,3,False
0.32,0.75,1,0,3,False
0.32,0.76,1,0,3,False
0.32,0.77,1,0,3,False
0.32,0.78,1,0,3,False
0.32,0.79,1,0,3,False
0.32,0.8,1,0,3,False
0.32,0.81,1,0,3,False
0.32,0.82,1,0,3,False
0.32,0.83,1,0,3,False
0.32,0.84,1,0,3,False
0.32,0.85,1,0,3,False
0.32,0.86,1,0,3,False
0.32,0.87,1,0,3,False
0.32,0.88,1,0,3,False
0.32,0.89,1,0,3,False
0.32,0.9,1,0,3,False
0.33,0.65,1,0,3,False
0.33,0.66,1,0,3,False
0.33,0.67,1,0,3,False
0.33,0.68,1,0,3,False
0.33,0.69,1,0,3,False
0.33,0.7,1,0,3,False
0.33,0.71,1,0,3,False
0.33,0.72,1,0,3,False
0.33,0.73,1,0,3,False
0.33,0.74,1,0,3,False
0.33,0.75,1,0,3,False
0.33,0.76,1,0,3,False
0.33,0.77,1,0,3,False
0.33,0.78,1,0,3,False
0.33,0.79,1,0,3,False
0.33,0.8,1,0,3,False
0.33,0.81,1,0,3,False
0.33,0.82,1,0,3,False
0.33,0.83,1,0,3,False
0.33,0.84,1,0,3,False
0.33,0.85,1,0,3,False
0.33,0.86,1,0,3,False
0.33,0.87,1,0,3,False
0.33,0.88,1,0,3,False
0.33,0.89,1,0,3,False
0.33,0.9,1,0,3,False
0.34,0.65,1,0,3,False
0.34,0.66,1,0,3,False
0.34,0.67,1,0,3,False
0.34,0.68,1,0,3,False
0.34,0.69,1,0,3,False
0.34,0.7,1,0,3,False
0.34,0.71,1,0,3,False
0.34,0.72,1,0,3,False
0.34,0.73,1,0,3,False
0.34,0.74,1,0,3,False
0.34,0.75,1,0,3,False
0.34,0.76,1,0,3,False
0.34,0.77,1,0,3,False
0.34,0.78,1,0,3,False
0.34,0.79,1,0,3,False
0.34,0.8,1,0,3,False
0.34,0.81,1,0,3,False
0.34,0.82,1,0,3,False
0.34,0.83,1,0,3,False
0.34,0.84,1,0,3,False
0.34,0.85,1,0,3,False
0.34,0.86,1,0,3,False
0.34,0.87,1,0,3,False
0.34,0.88,1,0,3,False
0.34,0.89,1,0,3,False
0.34,0.9,1,0,3,False
0.35,0.65,1,0,3,False
0.35,0.66,1,0,3,False
0.35,0.67,1,0,3,False
0.35,0.68,1,0,3,False
0.35,0.69,1,0,3,False
0.35,0.7,1,0,3,False
0.35,0.71,1,0,3,False
0.35,0.72,1,0,3,False
0.35,0.73,1,0,3,False
0.35,0.74,1,0,3,False
0.35,0.75,1,0,3,False
0.35,0.76,1,0,3,False
0.35,0.77,1,0,3,False
0.35,0.78,1,0,3,False
0.35,0.79,1,0,3,False
0.35,0.8,1,0,3,False
0.35,0.81,1,0,3,False
0.35,0.82,1,0,3,False
0.35,0.83,1,0,3,False
0.35,0.84,1,0,3,False
0.35,0.85,1,0,3,False
0.35,0.86,1,0,3,False
0.35,0.87,1,0,3,False
0.35,0.88,1,0,3,False
0.35,0.89,1,0,3,False
0.35,0.9,1,0,3,False
0.36,0.65,1,0,3,False
0.36,0.66,1,0,3,False
0.36,0.67,1,0,3,False
0.36,0.68,1,0,3,False
0.36,0.69,1,0,3,False
0.36,0.7,1,0,3,False
0.36,0.71,1,0,3,False
0.36,0.72,1,0,3,False
0.36,0.73,1,0,3,False
0.36,0.74,1,0,3,False
0.36,0.75,1,0,3,False
0.36,0.76,1,0,3,False
0.36,0.77,1,0,3,False
0.36,0.78,1,0,3,False
0.36,0.79,1,0,3,False
0.36,0.8,1,0,3,False
0.36,0.81,1,0,3,False
0.36,0.82,1,0,3,False
0.36,0.83,1,0,3,False
0.36,0.84,1,0,3,False
0.36,0.85,1,0,3,False
0.36,0.86,1,0,3,False
0.36,0.87,1,0,3,False
0.36,0.88,1,0,3,False
0.36,0.89,1,0,3,False
0.36,0.9,1,0,3,False
0.37,0.65,1,0,3,False
0.37,0.66,1,0,3,False
0.37,0.67,1,0,3,False
0.37,0.68,1,0,3,False
0.37,0.69,1,0,3,False
0.37,0.7,1,0,3,False
0.37,0.71,1,0,3,False
0.37,0.72,1,0,3,False
0.37,0.73,1,0,3,False
0.37,0.74,1,0,3,False
0.37,0.75,1,0,3,False
0.37,0.76,1,0,3,False
0.37,0.77,1,0,3,False
0.37,0.78,1,0,3,False
0.37,0.79,1,0,3,False
0.37,0.8,1,0,3,False
0.37,0.81,1,0,3,False
0.37,0.82,1,0,3,False
0.37,0.83,1,0,3,False
0.37,0.84,1,0,3,False
0.37,0.85,1,0,3,False
0.37,0.86,1,0,3,False
0.37,0.87,1,0,3,False
0.37,0.88,1,0,3,False
0.37,0.89,1,0,3,False
0.37,0.9,1,0,3,False
0.38,0.65,2,1,3,False
0.38,0.66,2,1,3,False
0.38,0.67,2,1,3,False
0.38,0.68,2,1,3,False
0.38,0.69,2,1,3,False
0.38,0.7,2,1,3,False
0.38,0.71,2,1,3,False
0.38,0.72,2,1,3,False
0.38,0.73,2,1,3,False
0.38,0.74,2,1,3,False
0.38,0.75,2,1,3,False
0.38,0.76,2,1,3,False
0.38,0.77,2,1,3,False
0.38,0.78,2,1,3,False
0.38,0.79,2,1,3,False
0.38,0.8,2,1,3,False
0.38,0.81,2,1,3,False
0.38,0.82,2,1,3,False
0.38,0.83,2,1,3,False
0.38,0.84,2,1,3,False
0.38,0.85,2,1,3,False
0.38,0.86,2,1,3,False
0.38,0.87,2,1,3,False
0.38,0.88,2,1,3,False
0.38,0.89,2,1,3,False
0.38,0.9,2,1,3,False
0.39,0.65,2,2,3,False
0.39,0.66,2,2,3,False
0.39,0.67,2,2,3,False
0.39,0.68,2,2,3,False
0.39,0.69,2,2,3,False
0.39,0.7,2,2,3,False
0.39,0.71,2,2,3,False
0.39,0.72,2,2,3,False
0.39,0.73,2,2,3,False
0.39,0.74,2,2,3,False
0.39,0.75,2,2,3,False
0.39,0.76,2,2,3,False
0.39,0.77,2,2,3,False
0.39,0.78,2,2,3,False
0.39,0.79,2,2,3,False
0.39,0.8,2,2,3,False
0.39,0.81,2,2,3,False
0.39,0.82,2,2,3,False
0.39,0.83,2,2,3,False
0.39,0.84,2,2,3,False
0.39,0.85,2,2,3,False
0.39,0.86,2,2,3,False
0.39,0.87,2,2,3,False
0.39,0.88,2,2,3,False
0.39,0.89,2,2,3,False
0.39,0.9,2,2,3,False
0.4,0.65,2,2,3,False
0.4,0.66,2,2,3,False
0.4,0.67,2,2,3,False
0.4,0.68,2,2,3,False
0.4,0.69,2,2,3,False
0.4,0.7,2,2,3,False
0.4,0.71,2,2,3,False
0.4,0.72,2,2,3,False
0.4,0.73,2,2,3,False
0.4,0.74,2,2,3,False
0.4,0.75,2,2,3,False
0.4,0.76,2,2,3,False
0.4,0.77,2,2,3,False
0.4,0.78,2,2,3,False
0.4,0.79,2,2,3,False
0.4,0.8,2,2,3,False
0.4,0.81,2,2,3,False
0.4,0.82,2,2,3,False
0.4,0.83,2,2,3,False
0.4,0.84,2,2,3,False
0.4,0.85,2,2,3,False
0.4,0.86,2,2,3,False
0.4,0.87,2,2,3,False
0.4,0.88,2,2,3,False
0.4,0.89,2,2,3,False
0.4,0.9,2,2,3,False
0.41,0.65,2,5,3,False
0.41,0.66,2,5,3,False
0.41,0.67,2,5,3,False
0.41,0.68,2,5,3,False
0.41,0.69,2,5,3,False
0.41,0.7,2,5,3,False
0.41,0.71,2,5,3,False
0.41,0.72,2,5,3,False
0.41,0.73,2,5,3,False
0.41,0.74,2,5,3,False
0.41,0.75,2,5,3,False
0.41,0.76,2,5,3,False
0.41,0.77,2,5,3,False
0.41,0.78,2,5,3,False
0.41,0.79,2,5,3,False
0.41,0.8,2,5,3,False
0.41,0.81,2,5,3,False
0.41,0.82,2,5,3,False
0.41,0.83,2,5,3,False
0.41,0.84,2,5,3,False
0.41,0.85,2,5,3,False
0.41,0.86,2,5,3,False
0.41,0.87,2,5,3,False
0.41,0.88,2,5,3,False
0.41,0.89,2,5,3,False
0.41,0.9,2,5,3,False
0.42,0.65,2,6,3,False
0.42,0.66,2,6,3,False
0.42,0.67,2,6,3,False
0.42,0.68,2,6,3,False
0.42,0.69,2,6,3,False
0.42,0.7,2,6,3,False
0.42,0.71,2,6,3,False
0.42,0.72,2,6,3,False
0.42,0.73,2,6,3,False
0.42,0.74,2,6,3,False
0.42,0.75,2,6,3,False
0.42,0.76,2,6,3,False
0.42,0.77,2,6,3,False
0.42,0.78,2,6,3,False
0.42,0.79,2,6,3,False
0.42,0.8,2,6,3,False
0.42,0.81,2,6,3,False
0.42,0.82,2,6,3,False
0.42,0.83,2,6,3,False
0.42,0.84,2,6,3,False
0.42,0.85,2,6,3,False
0.42,0.86,2,6,3,False
0.42,0.87,2,6,3,False
0.42,0.88,2,6,3,False
0.42,0.89,2,6,3,False
0.42,0.9,2,6,3,False
0.43,0.65,2,7,3,False
0.43,0.66,2,7,3,False
0.43,0.67,2,7,3,False
0.43,0.68,2,7,3,False
0.43,0.69,2,7,3,False
0.43,0.7,2,7,3,False
0.43,0.71,2,7,3,False
0.43,0.72,2,7,3,False
0.43,0.73,2,7,3,False
0.43,0.74,2,7,3,False
0.43,0.75,2,7,3,False
0.43,0.76,2,7,3,False
0.43,0.77,2,7,3,False
0.43,0.78,2,7,3,False
0.43,0.79,2,7,3,False
0.43,0.8,2,7,3,False
0.43,0.81,2,7,3,False
0.43,0.82,2,7,3,False
0.43,0.83,2,7,3,False
0.43,0.84,2,7,3,False
0.43,0.85,2,7,3,False
0.43,0.86,2,7,3,False
0.43,0.87,2,7,3,False
0.43,0.88,2,7,3,False
0.43,0.89,2,7,3,False
0.43,0.9,2,7,3,False
0.44,0.65,2,7,3,False
0.44,0.66,2,7,3,False
0.44,0.67,2,7,3,False
0.44,0.68,2,7,3,False
0.44,0.69,2,7,3,False
0.44,0.7,2,7,3,False
0.44,0.71,2,7,3,False
0.44,0.72,2,7,3,False
0.44,0.73,2,7,3,False
0.44,0.74,2,7,3,False
0.44,0.75,2,7,3,False
0.44,0.76,2,7,3,False
0.44,0.77,2,7,3,False
0.44,0.78,2,7,3,False
0.44,0.79,2,7,3,False
0.44,0.8,2,7,3,False
0.44,0.81,2,7,3,False
0.44,0.82,2,7,3,False
0.44,0.83,2,7,3,False
0.44,0.84,2,7,3,False
0.44,0.85,2,7,3,False
0.44,0.86,2,7,3,False
0.44,0.87,2,7,3,False
0.44,0.88,2,7,3,False
0.44,0.89,2,7,3,False
0.44,0.9,2,7,3,False
0.45,0.65,2,8,3,False
0.45,0.66,2,8,3,False
0.45,0.67,2,8,3,False
0.45,0.68,2,8,3,False
0.45,0.69,2,8,3,False
0.45,0.7,2,8,3,False
0.45,0.71,2,8,3,False
0.45,0.72,2,8,3,False
0.45,0.73,2,8,3,False
0.45,0.74,2,8,3,False
0.45,0.75,2,8,3,False
0.45,0.76,2,8,3,False
0.45,0.77,2,8,3,False
0.45,0.78,2,8,3,False
0.45,0.79,2,8,3,False
0.45,0.8,2,8,3,False
0.45,0.81,2,8,3,False
0.45,0.82,2,8,3,False
0.45,0.83,2,8,3,False
0.45,0.84,2,8,3,False
0.45,0.85,2,8,3,False
0.45,0.86,2,8,3,False
0.45,0.87,2,8,3,False
0.45,0.88,2,8,3,False
0.45,0.89,2,8,3,False
0.45,0.9,2,8,3,False
0.46,0.65,3,8,3,False
0.46,0.66,3,8,3,False
0.46,0.67,3,8,3,False
0.46,0.68,3,8,3,False
0.46,0.69,3,8,3,False
0.46,0.7,3,8,3,False
0.46,0.71,3,8,3,False
0.46,0.72,3,8,3,False
0.46,0.73,3,8,3,False
0.46,0.74,3,8,3,False
0.46,0.75,3,8,3,False
0.46,0.76,3,8,3,False
0.46,0.77,3,8,3,False
0.46,0.78,3,8,3,False
0.46,0.79,3,8,3,False
0.46,0.8,3,8,3,False
0.46,0.81,3,8,3,False
0.46,0.82,3,8,3,False
0.46,0.83,3,8,3,False
0.46,0.84,3,8,3,False
0.46,0.85,3,8,3,False
0.46,0.86,3,8,3,False
0.46,0.87,3,8,3,False
0.46,0.88,3,8,3,False
0.46,0.89,3,8,3,False
0.46,0.9,3,8,3,False
0.47,0.65,3,8,3,False
0.47,0.66,3,8,3,False
0.47,0.67,3,8,3,False
0.47,0.68,3,8,3,False
0.47,0.69,3,8,3,False
0.47,0.7,3,8,3,False
0.47,0.71,3,8,3,False
0.47,0.72,3,8,3,False
0.47,0.73,3,8,3,False
0.47,0.74,3,8,3,False
0.47,0.75,3,8,3,False
0.47,0.76,3,8,3,False
0.47,0.77,3,8,3,False
0.47,0.78,3,8,3,False
0.47,0.79,3,8,3,False
0.47,0.8,3,8,3,False
0.47,0.81,3,8,3,False
0.47,0.82,3,8,3,False
0.47,0.83,3,8,3,False
0.47,0.84,3,8,3,False
0.47,0.85,3,8,3,False
0.47,0.86,3,8,3,False
0.47,0.87,3,8,3,False
0.47,0.88,3,8,3,False
0.47,0.89,3,8,3,False
0.47,0.9,3,8,3,False
0.48,0.65,3,9,3,False
0.48,0.66,3,9,3,False
0.48,0.67,3,9,3,False
0.48,0.68,3,9,3,False
0.48,0.69,3,9,3,False
0.48,0.7,3,9,3,False
0.48,0.71,3,9,3,False
0.48,0.72,3,9,3,False
0.48,0.73,3,9,3,False
0.48,0.74,3,9,3,False
0.48,0.75,3,9,3,False
0.48,0.76,3,9,3,False
0.48,0.77,3,9,3,False
0.48,0.78,3,9,3,False
0.48,0.79,3,9,3,False
0.48,0.8,3,9,3,False
0.48,0.81,3,9,3,False
0.48,0.82,3,9,3,False
0.48,0.83,3,9,3,False
0.48,0.84,3,9,3,False
0.48,0.85,3,9,3,False
0.48,0.86,3,9,3,False
0.48,0.87,3,9,3,False
0.48,0.88,3,9,3,False
0.48,0.89,3,9,3,False
0.48,0.9,3,9,3,False
0.49,0.65,3,9,3,False
0.49,0.66,3,9,3,False
0.49,0.67,3,9,3,False
0.49,0.68,3,9,3,False
0.49,0.69,3,9,3,False
0.49,0.7,3,9,3,False
0.49,0.71,3,9,3,False
0.49,0.72,3,9,3,False
0.49,0.73,3,9,3,False
0.49,0.74,3,9,3,False
0.49,0.75,3,9,3,False
0.49,0.76,3,9,3,False
0.49,0.77,3,9,3,False
0.49,0.78,3,9,3,False
0.49,0.79,3,9,3,False
0.49,0.8,3,9,3,False
0.49,0.81,3,9,3,False
0.49,0.82,3,9,3,False
0.49,0.83,3,9,3,False
0.49,0.84,3,9,3,False
0.49,0.85,3,9,3,False
0.49,0.86,3,9,3,False
0.49,0.87,3,9,3,False
0.49,0.88,3,9,3,False
0.49,0.89,3,9,3,False
0.49,0.9,3,9,3,False
0.5,0.65,3,10,3,False
0.5,0.66,3,10,3,False
0.5,0.67,3,10,3,False
0.5,0.68,3,10,3,False
0.5,0.69,3,10,3,False
0.5,0.7,3,10,3,False
0.5,0.71,3,10,3,False
0.5,0.72,3,10,3,False
0.5,0.73,3,10,3,False
0.5,0.74,3,10,3,False
0.5,0.75,3,10,3,False
0.5,0.76,3,10,3,False
0.5,0.77,3,10,3,False
0.5,0.78,3,10,3,False
0.5,0.79,3,10,3,False
0.5,0.8,3,10,3,False
0.5,0.81,3,10,3,False
0.5,0.82,3,10,3,False
0.5,0.83,3,10,3,False
0.5,0.84,3,10,3,False
0.5,0.85,3,10,3,False
0.5,0.86,3,10,3,False
0.5,0.87,3,10,3,False
0.5,0.88,3,10,3,False
0.5,0.89,3,10,3,False
0.5,0.9,3,10,3,False
0.51,0.65,3,11,3,False
0.51,0.66,3,11,3,False
0.51,0.67,3,11,3,False
0.51,0.68,3,11,3,False
0.51,0.69,3,11,3,False
0.51,0.7,3,11,3,False
0.51,0.71,3,11,3,False
0.51,0.72,3,11,3,False
0.51,0.73,3,11,3,False
0.51,0.74,3,11,3,False
0.51,0.75,3,11,3,False
0.51,0.76,3,11,3,False
0.51,0.77,3,11,3,False
0.51,0.78,3,11,3,False
0.51,0.79,3,11,3,False
0.51,0.8,3,11,3,False
0.51,0.81,3,11,3,False
0.51,0.82,3,11,3,False
0.51,0.83,3,11,3,False
0.51,0.84,3,11,3,False
0.51,0.85,3,11,3,False
0.51,0.86,3,11,3,False
0.51,0.87,3,11,3,False
0.51,0.88,3,11,3,False
0.51,0.89,3,11,3,False
0.51,0.9,3,11,3,False
0.52,0.65,3,16,3,False
0.52,0.66,3,16,3,False
0.52,0.67,3,16,3,False
0.52,0.68,3,16,3,False
0.52,0.69,3,16,3,False
0.52,0.7,3,16,3,False
0.52,0.71,3,16,3,False
0.52,0.72,3,16,3,False
0.52,0.73,3,16,3,False
0.52,0.74,3,16,3,False
0.52,0.75,3,16,3,False
0.52,0.76,3,16,3,False
0.52,0.77,3,16,3,False
0.52,0.78,3,16,3,False
0.52,0.79,3,16,3,False
0.52,0.8,3,16,3,False
0.52,0.81,3,16,3,False
0.52,0.82,3,16,3,False
0.52,0.83,3,16,3,False
0.52,0.84,3,16,3,False
0.52,0.85,3,16,3,False
0.52,0.86,3,16,3,False
0.52,0.87,3,16,3,False
0.52,0.88,3,16,3,False
0.52,0.89,3,16,3,False
0.52,0.9,3,16,3,False
0.53,0.65,3,18,3,False
0.53,0.66,3,18,3,False
0.53,0.67,3,18,3,False
0.53,0.68,3,18,3,False
0.53,0.69,3,18,3,False
0.53,0.7,3,18,3,False
0.53,0.71,3,18,3,False
0.53,0.72,3,18,3,False
0.53,0.73,3,18,3,False
0.53,0.74,3,18,3,False
0.53,0.75,3,18,3,False
0.53,0.76,3,18,3,False
0.53,0.77,3,18,3,False
0.53,0.78,3,18,3,False
0.53,0.79,3,18,3,False
0.53,0.8,3,18,3,False
0.53,0.81,3,18,3,False
0.53,0.82,3,18,3,False
0.53,0.83,3,18,3,False
0.53,0.84,3,18,3,False
0.53,0.85,3,18,3,False
0.53,0.86,3,18,3,False
0.53,0.87,3,18,3,False
0.53,0.88,3,18,3,False
0.53,0.89,3,18,3,False
0.53,0.9,3,18,3,False
0.54,0.65,4,20,3,False
0.54,0.66,4,20,3,False
0.54,0.67,4,20,3,False
0.54,0.68,4,20,3,False
0.54,0.69,4,20,3,False
0.54,0.7,4,20,3,False
0.54,0.71,4,20,3,False
0.54,0.72,4,20,3,False
0.54,0.73,4,20,3,False
0.54,0.74,4,20,3,False
0.54,0.75,4,20,3,False
0.54,0.76,4,20,3,False
0.54,0.77,4,20,3,False
0.54,0.78,4,20,3,False
0.54,0.79,4,20,3,False
0.54,0.8,4,20,3,False
0.54,0.81,4,20,3,False
0.54,0.82,4,20,3,False
0.54,0.83,4,20,3,False
0.54,0.84,4,20,3,False
0.54,0.85,4,20,3,False
0.54,0.86,4,20,3,False
0.54,0.87,4,20,3,False
0.54,0.88,4,20,3,False
0.54,0.89,4,20,3,False
0.54,0.9,4,20,3,False
0.55,0.65,4,22,3,False
0.55,0.66,4,22,3,False
0.55,0.67,4,22,3,False
0.55,0.68,4,22,3,False
0.55,0.69,4,22,3,False
0.55,0.7,4,22,3,False
0.55,0.71,4,22,3,False
0.55,0.72,4,22,3,False
0.55,0.73,4,22,3,False
0.55,0.74,4,22,3,False
0.55,0.75,4,22,3,False
0.55,0.76,4,22,3,False
0.55,0.77,4,22,3,False
0.55,0.78,4,22,3,False
0.55,0.79,4,22,3,False
0.55,0.8,4,22,3,False
0.55,0.81,4,22,3,False
0.55,0.82,4,22,3,False
0.55,0.83,4,22,3,False
0.55,0.84,4,22,3,False
0.55,0.85,4,22,3,False
0.55,0.86,4,22,3,False
0.55,0.87,4,22,3,False
0.55,0.88,4,22,3,False
0.55,0.89,4,22,3,False
0.55,0.9,4,22,3,False
0.56,0.65,4,23,3,False
0.56,0.66,4,23,3,False
0.56,0.67,4,23,3,False
0.56,0.68,4,23,3,False
0.56,0.69,4,23,3,False
0.56,0.7,4,23,3,False
0.56,0.71,4,23,3,False
0.56,0.72,4,23,3,False
0.56,0.73,4,23,3,False
0.56,0.74,4,23,3,False
0.56,0.75,4,23,3,False
0.56,0.76,4,23,3,False
0.56,0.77,4,23,3,False
0.56,0.78,4,23,3,False
0.56,0.79,4,23,3,False
0.56,0.8,4,23,3,False
0.56,0.81,4,23,3,False
0.56,0.82,4,23,3,False
0.56,0.83,4,23,3,False
0.56,0.84,4,23,3,False
0.56,0.85,4,23,3,False
0.56,0.86,4,23,3,False
0.56,0.87,4,23,3,False
0.56,0.88,4,23,3,False
0.56,0.89,4,23,3,False
0.56,0.9,4,23,3,False
0.57,0.65,5,23,3,False
0.57,0.66,5,23,3,False
0.57,0.67,5,23,3,False
0.57,0.68,5,23,3,False
0.57,0.69,5,23,3,False
0.57,0.7,5,23,3,False
0.57,0.71,5,23,3,False
0.57,0.72,5,23,3,False
0.57,0.73,5,23,3,False
0.57,0.74,5,23,3,False
0.57,0.75,5,23,3,False
0.57,0.76,5,23,3,False
0.57,0.77,5,23,3,False
0.57,0.78,5,23,3,False
0.57,0.79,5,23,3,False
0.57,0.8,5,23,3,False
0.57,0.81,5,23,3,False
0.57,0.82,5,23,3,False
0.57,0.83,5,23,3,False
0.57,0.84,5,23,3,False
0.57,0.85,5,23,3,False
0.57,0.86,5,23,3,False
0.57,0.87,5,23,3,False
0.57,0.88,5,23,3,False
0.57,0.89,5,23,3,False
0.57,0.9,5,23,3,False
0.58,0.65,5,23,3,False
0.58,0.66,5,23,3,False
0.58,0.67,5,23,3,False
0.58,0.68,5,23,3,False
0.58,0.69,5,23,3,False
0.58,0.7,5,23,3,False
0.58,0.71,5,23,3,False
0.58,0.72,5,23,3,False
0.58,0.73,5,23,3,False
0.58,0.74,5,23,3,False
0.58,0.75,5,23,3,False
0.58,0.76,5,23,3,False
0.58,0.77,5,23,3,False
0.58,0.78,5,23,3,False
0.58,0.79,5,23,3,False
0.58,0.8,5,23,3,False
0.58,0.81,5,23,3,False
0.58,0.82,5,23,3,False
0.58,0.83,5,23,3,False
0.58,0.84,5,23,3,False
0.58,0.85,5,23,3,False
0.58,0.86,5,23,3,False
0.58,0.87,5,23,3,False
0.58,0.88,5,23,3,False
0.58,0.89,5,23,3,False
0.58,0.9,5,23,3,False
0.59,0.65,5,25,3,False
0.59,0.66,5,25,3,False
0.59,0.67,5,25,3,False
0.59,0.68,5,25,3,False
0.59,0.69,5,25,3,False
0.59,0.7,5,25,3,False
0.59,0.71,5,25,3,False
0.59,0.72,5,25,3,False
0.59,0.73,5,25,3,False
0.59,0.74,5,25,3,False
0.59,0.75,5,25,3,False
0.59,0.76,5,25,3,False
0.59,0.77,5,25,3,False
0.59,0.78,5,25,3,False
0.59,0.79,5,25,3,False
0.59,0.8,5,25,3,False
0.59,0.81,5,25,3,False
0.59,0.82,5,25,3,False
0.59,0.83,5,25,3,False
0.59,0.84,5,25,3,False
0.59,0.85,5,25,3,False
0.59,0.86,5,25,3,False
0.59,0.87,5,25,3,False
0.59,0.88,5,25,3,False
0.59,0.89,5,25,3,False
0.59,0.9,5,25,3,False
0.6,0.65,5,25,3,False
0.6,0.66,5,25,3,False
0.6,0.67,5,25,3,False
0.6,0.68,5,25,3,False
0.6,0.69,5,25,3,False
0.6,0.7,5,25,3,False
0.6,0.71,5,25,3,False
0.6,0.72,5,25,3,False
0.6,0.73,5,25,3,False
0.6,0.74,5,25,3,False
0.6,0.75,5,25,3,False
0.6,0.76,5,25,3,False
0.6,0.77,5,25,3,False
0.6,0.78,5,25,3,False
0.6,0.79,5,25,3,False
0.6,0.8,5,25,3,False
0.6,0.81,5,25,3,False
0.6,0.82,5,25,3,False
0.6,0.83,5,25,3,False
0.6,0.84,5,25,3,False
0.6,0.85,5,25,3,False
0.6,0.86,5,25,3,False
0.6,0.87,5,25,3,False
0.6,0.88,5,25,3,False
0.6,0.89,5,25,3,False
0.6,0.9,5,25,3,False
