tree_id,level,cluster_id,market,n_members,top_F1,top_C_source,pct_v1,CAGR_median,MDD_median,n_cross_partners,n_high_complement,pct_high_complement,min_cross_corr,best_partner_cluster,universal
XM_normal,L3,136,TW,35,P_IC100%,EPS43%/ROE29%,0.0,0.2284126841223002,-0.4817175415921513,163,163,1.0,0.35421059751027634,192,True
XM_normal,L3,156,TW,20,OCF_E35%/PS20%,ROE55%/EPS45%,0.0,0.2193156848384584,-0.47352318833288115,163,163,1.0,0.2731963865250575,192,True
XM_normal,L3,12,TW,21,PS52%/EV_S48%,ROE48%/EPS33%,1.0,0.1954483058125193,-0.5758137910413139,163,163,1.0,0.23819182063926417,192,True
XM_normal,L3,13,TW,26,EV_S54%/PS46%,ROE42%/EPS35%,1.0,0.1898670917619461,-0.573978475105513,163,163,1.0,0.31992567770498587,192,True
XM_normal,L3,1,TW,34,P_IC65%/EV_S15%,ROE50%/EPS35%,1.0,0.18424494096589306,-0.6022305240632471,163,163,1.0,0.13583038448139725,306,True
XM_normal,L3,7,TW,28,P_IC93%/PB7%,ROE39%/EPS29%,1.0,0.18293844942509885,-0.5911298739599088,163,163,1.0,0.2858056287139199,306,True
XM_normal,L3,100,TW,23,OCF_E83%/P_IC17%,EPS57%/ROE43%,1.0,0.1711387647385494,-0.599988043450242,163,163,1.0,0.3655932444187982,435,True
XM_normal,L3,2,TW,22,EV_S50%/PS50%,ROE45%/EPS32%,1.0,0.1674171410399142,-0.6031870339724177,163,163,1.0,0.31444399829802333,192,True
XM_normal,L3,15,TW,22,EV_S32%/PB27%,ROE50%/EPS41%,1.0,0.15959632844171184,-0.6148508844980782,163,163,1.0,0.2752354052553531,192,True
XM_normal,L3,52,TW,25,P_IC52%/PB32%,ROE36%/EPS32%,1.0,0.1495770976139367,-0.6420175152157312,163,163,1.0,0.3563708798089637,192,True
XM_normal,L3,5,TW,21,PB90%/P_IC5%,FCF_P43%/ROE33%,1.0,0.1493898440864407,-0.5355315504226339,163,163,1.0,0.3372701862314675,386,True
XM_normal,L3,3,TW,22,PB50%/P_IC45%,EPS32%/FCF_P27%,1.0,0.13806155874913664,-0.616007279604406,163,163,1.0,0.2559715493898197,435,True
XM_normal,L3,56,TW,20,EV_S50%/PS50%,ROE60%/EPS40%,1.0,0.127115470053428,-0.5996933838433016,163,163,1.0,0.35754568328384184,435,True
XM_normal,L3,47,TW,29,MOM100%,ROE34%/EPS34%,1.0,0.142615989205977,-0.5714567723856643,163,161,0.9877300613496932,0.38441216452853594,435,False
XM_normal,L3,9,TW,21,P_IC57%/PB43%,FCF_P67%/EPS14%,1.0,0.1317357768337332,-0.5971424255967134,163,161,0.9877300613496932,0.378010394445906,386,False
XM_normal,L3,80,TW,37,P_IC73%/PB27%,FCF_P32%/EPS27%,1.0,0.1225151869250209,-0.6107881687792112,163,161,0.9877300613496932,0.36521870772539866,435,False
XM_normal,L3,99,TW,23,PS52%/EV_S48%,ROE39%/EPS35%,1.0,0.1552083718390109,-0.637463616840779,163,160,0.9815950920245399,0.3793593539930505,435,False
XM_normal,L3,153,TW,21,PS86%/P_IC14%,EPS67%/ROE33%,0.0,0.147707728853297,-0.6567838977779737,163,160,0.9815950920245399,0.2992845370796633,192,False
XM_normal,L3,45,TW,30,MOM90%/EV_S7%,FCF_P90%/無10%,1.0,0.11164208921319016,-0.6500948810687064,163,160,0.9815950920245399,0.374146999799106,386,False
XM_normal,L3,174,TW,28,PB68%/P_IC29%,ROE36%/FCF_P32%,0.0,0.21331214384459724,-0.5661179697607365,163,159,0.9754601226993865,0.3222593380215547,192,False
XM_normal,L3,140,TW,23,PB100%,EPS35%/ROE30%,1.0,0.1430031853363984,-0.599927436485839,163,157,0.9631901840490797,0.35196405367893535,435,False
XM_normal,L3,93,TW,22,P_IC91%/PB5%,EPS36%/ROE27%,1.0,0.12909564204096974,-0.6557691044103506,163,156,0.9570552147239264,0.3944197074921012,435,False
XM_normal,L3,63,TW,25,PS100%,ROE56%/EPS44%,1.0,0.110411592811354,-0.6501267185657751,163,155,0.950920245398773,0.261377753088945,192,False
XM_normal,L3,160,TW,22,EV_S27%/PB27%,ROE55%/EPS45%,0.0,0.24438294656127407,-0.5679198517565994,163,154,0.9447852760736196,0.2621045434699876,192,False
XM_normal,L3,157,TW,31,MOM65%/P_IC13%,EPS55%/ROE45%,0.0,0.1976931144699198,-0.6182536815144832,163,154,0.9447852760736196,0.25390338766409365,192,False
XM_normal,L3,26,TW,27,MOM100%,FCF_P44%/ROE26%,1.0,0.1710234392283938,-0.5932841838897515,163,154,0.9447852760736196,0.3828011120952389,386,False
XM_normal,L3,16,TW,22,MOM100%,EPS59%/ROE41%,1.0,0.15909273687583375,-0.5895113546169468,163,153,0.9386503067484663,0.23999767016532145,283,False
XM_normal,L3,17,TW,30,EV_S50%/MOM30%,EPS63%/ROE37%,0.6666666666666666,0.1915008488702234,-0.6719016074940777,163,152,0.9325153374233128,0.21888701264756685,271,False
XM_normal,L3,44,TW,21,MOM100%,EPS29%/ROE29%,1.0,0.1521814598682986,-0.6598036868152704,163,152,0.9325153374233128,0.3666516963427148,192,False
XM_normal,L3,119,TW,68,P_IC26%/PB25%,ROE34%/EPS32%,0.0,0.13423757406290188,-0.6076212865965146,163,150,0.9202453987730062,0.3729617175518328,435,False
XM_normal,L3,154,TW,53,P_IC36%/PB26%,EPS51%/ROE49%,0.0,0.1606626411715159,-0.6609853486550846,163,149,0.9141104294478528,0.3044061871096275,192,False
XM_normal,L3,57,TW,35,PS94%/PB3%,ROE54%/EPS23%,1.0,0.0994085368382129,-0.6682176401546797,163,149,0.9141104294478528,0.3610282617412076,192,False
XM_normal,L3,22,TW,27,OCF_E63%/EV_S37%,EPS52%/ROE48%,1.0,0.1352074514993024,-0.6644198399699839,163,148,0.9079754601226994,0.3349242388156463,283,False
XM_normal,L3,46,TW,24,MOM100%,FCF_P38%/ROE29%,1.0,0.130410498461726,-0.6484052786527338,163,148,0.9079754601226994,0.3918503561783438,435,False
XM_normal,L3,37,TW,30,EV_S40%/PS40%,ROE37%/FCF_P30%,1.0,0.19869300948965324,-0.6228528642205042,163,147,0.901840490797546,0.3419080330882587,192,False
XM_normal,L3,61,TW,22,EV_S77%/PS23%,ROE59%/EPS41%,1.0,0.11706178750663404,-0.6981076328880051,163,147,0.901840490797546,0.3509911043490184,192,False
XM_normal,L3,86,TW,58,PB50%/P_IC47%,FCF_P64%/無14%,1.0,0.12146301969214049,-0.5682047618441346,163,146,0.8957055214723927,0.3900111328422766,435,False
XM_normal,L3,41,TW,46,MOM70%/P_IC13%,EPS33%/ROE30%,1.0,0.15331977867307114,-0.6527661241529332,163,143,0.8773006134969326,0.392091460142547,386,False
XM_normal,L3,35,TW,28,MOM100%,ROE50%/EPS50%,1.0,0.1877947882038867,-0.5753327225157393,163,142,0.8711656441717791,0.38324832840205597,386,False
XM_normal,L3,62,TW,48,PS94%/EV_S6%,ROE38%/EPS33%,1.0,0.10319706735655815,-0.6570687642351021,163,142,0.8711656441717791,0.31805673818808644,192,False
XM_normal,L3,133,TW,38,PB95%/P_IC5%,EPS32%/ROE32%,0.0,0.204931865663048,-0.5277702334747087,163,141,0.8650306748466258,0.39346796097723535,435,False
XM_normal,L3,21,TW,26,EV_S100%,EPS54%/ROE46%,1.0,0.12382481564593864,-0.6751793781641966,163,141,0.8650306748466258,0.3974968281150796,386,False
XM_normal,L3,85,TW,26,PS38%/PB38%,FCF_P96%/ROE4%,1.0,0.1383783079985565,-0.6052674742087079,163,135,0.8282208588957055,0.4148367866416987,435,False
XM_normal,L3,159,TW,45,PB40%/P_IC31%,ROE51%/EPS49%,0.0,0.2345854304366521,-0.5305348487555634,163,133,0.8159509202453987,0.2606186783885257,192,False
XM_normal,L3,19,TW,28,MOM79%/OCF_E21%,ROE50%/EPS50%,0.0,0.2004175054842275,-0.646112649197466,163,132,0.8098159509202454,0.3977019483301338,435,False
XM_normal,L3,95,TW,64,PS59%/EV_S41%,ROE39%/EPS34%,1.0,0.16148339126591546,-0.5866512195774038,163,132,0.8098159509202454,0.3941066988763562,192,False
XM_normal,L3,158,TW,28,PS32%/EV_S29%,EPS68%/ROE32%,0.0,0.2163767140772008,-0.48812564604694086,163,130,0.7975460122699386,0.2964491439850621,192,False
XM_normal,L3,29,TW,40,MOM100%,EPS40%/ROE35%,1.0,0.13351821872229214,-0.6034034108169557,163,129,0.7914110429447853,0.3122670888769453,192,False
XM_normal,L3,34,TW,20,MOM70%/OCF_E30%,EPS40%/ROE40%,1.0,0.16464652194978474,-0.5896843904231844,163,128,0.7852760736196319,0.3879892312823456,192,False
XM_normal,L3,150,TW,26,PB58%/P_IC42%,ROE31%/EPS31%,1.0,0.15456603475411407,-0.6124092346230419,163,127,0.7791411042944786,0.3829051730579472,435,False
XM_normal,L3,170,TW,34,EV_S50%/PS50%,EPS35%/ROE35%,0.0,0.1833157190219334,-0.529259032521933,163,121,0.7423312883435583,0.3429624435428558,192,False
XM_normal,L3,38,TW,25,P_IC52%/PB48%,ROE36%/EPS32%,1.0,0.1581790941729,-0.633467952288984,163,121,0.7423312883435583,0.3903198237916265,192,False
XM_normal,L3,182,TW,21,OCF_E48%/PB14%,FCF_P100%,0.0,0.1520392562436781,-0.6040243737370137,163,115,0.7055214723926381,0.405980772113093,435,False
XM_normal,L3,59,TW,32,EV_S91%/PS9%,FCF_P72%/無22%,1.0,0.10302731066940335,-0.6716506828441628,163,112,0.6871165644171779,0.3967195460114054,192,False
XM_normal,L3,177,TW,22,MOM91%/P_IC5%,FCF_P100%,0.0,0.12737615924792695,-0.676426094779534,163,109,0.6687116564417178,0.40420117997775296,192,False
XM_normal,L3,172,TW,36,EV_S50%/PS50%,ROE33%/EPS33%,0.0,0.1783318654183,-0.5626246898831884,163,108,0.6625766871165644,0.3797082139214369,192,False
XM_normal,L3,115,TW,96,P_IC38%/PS25%,EPS50%/ROE50%,0.0,0.12647996763676878,-0.5896683666808499,163,105,0.6441717791411042,0.39576413829030294,435,False
XM_normal,L3,143,TW,60,P_IC52%/PB47%,EPS33%/ROE32%,1.0,0.15997381716059422,-0.5587725253507332,163,104,0.6380368098159509,0.4032714480649299,435,False
XM_normal,L3,148,TW,26,PB50%/P_IC35%,FCF_P77%/無23%,1.0,0.12723655812917511,-0.5954525735537283,163,101,0.6196319018404908,0.4081304638707734,435,False
XM_normal,L3,142,TW,27,PB52%/P_IC48%,FCF_P100%,1.0,0.1207324947725543,-0.5797213997933462,163,101,0.6196319018404908,0.4084472550272196,435,False
XM_normal,L3,36,TW,34,MOM100%,FCF_P53%/ROE21%,1.0,0.15620221079789914,-0.6659535198761094,163,100,0.6134969325153374,0.40275104612769513,386,False
XM_normal,L3,74,TW,21,OCF_E86%/PS14%,EPS43%/ROE38%,1.0,0.1068312212477533,-0.6108680533469186,163,97,0.5950920245398773,0.33736106650013076,192,False
XM_normal,L3,145,TW,46,PB57%/P_IC43%,ROE61%/EPS39%,1.0,0.1855717584962184,-0.5070346149428178,163,92,0.5644171779141104,0.4077905165722722,435,False
XM_normal,L3,169,TW,62,PB29%/PS29%,ROE34%/EPS32%,0.0,0.18463352994557314,-0.6543746561422656,163,91,0.558282208588957,0.4125666549247211,435,False
XM_normal,L3,98,TW,38,PS37%/PB21%,ROE37%/EPS34%,1.0,0.16241631027461784,-0.5721661834680801,163,90,0.5521472392638037,0.40945037796456685,435,False
XM_normal,L3,161,TW,68,P_IC53%/PB47%,EPS50%/ROE50%,0.0,0.2112974073678063,-0.5404841374719196,163,85,0.5214723926380368,0.36263686738385265,192,False
XM_normal,L3,178,TW,20,P_IC35%/PB30%,FCF_P100%,0.0,0.12818569563611099,-0.5735692885683641,163,83,0.50920245398773,0.3976295002101502,192,False
XM_normal,L3,48,TW,20,MOM100%,ROE35%/EPS35%,0.0,0.17687633511686252,-0.5853092340324195,163,79,0.48466257668711654,0.3829550647001582,192,False
XM_normal,L3,184,TW,63,PS29%/P_IC27%,FCF_P100%,0.0,0.1222265529766997,-0.6038109508403202,163,78,0.4785276073619632,0.40646732553936493,192,False
XM_normal,L3,71,TW,22,OCF_E100%,ROE41%/EPS36%,1.0,0.12794029594135575,-0.5779761971707977,163,75,0.4601226993865031,0.4061564871979984,435,False
XM_normal,L3,162,TW,110,PB57%/P_IC30%,FCF_P69%/無16%,0.0,0.16520203873800982,-0.5928069261672845,163,71,0.43558282208588955,0.40285630436823844,192,False
XM_normal,L3,163,TW,187,P_IC59%/PB37%,ROE40%/EPS38%,0.0,0.1966788916180595,-0.5409441731051182,163,69,0.4233128834355828,0.3977452430282906,192,False
XM_normal,L3,116,TW,61,PB41%/P_IC39%,ROE51%/EPS49%,0.0,0.1480390316094111,-0.5598293709881191,163,68,0.4171779141104294,0.40536735272227625,435,False
XM_normal,L3,132,TW,21,P_IC100%,ROE43%/EPS29%,0.0,0.1934258872786221,-0.4598229608098634,163,66,0.4049079754601227,0.4186851839916255,435,False
XM_normal,L3,49,TW,81,PS30%/PB25%,FCF_P32%/ROE31%,0.14814814814814814,0.1330207374590815,-0.5766131977611735,163,65,0.3987730061349693,0.3848939636888821,192,False
XM_normal,L3,165,TW,82,PB46%/PS22%,ROE52%/EPS48%,0.0,0.1991985570227674,-0.5453128984950687,163,62,0.3803680981595092,0.42358146221430887,435,False
XM_normal,L3,107,TW,34,MOM100%,EPS35%/ROE35%,0.0,0.16611389350669192,-0.6776516586177428,163,62,0.3803680981595092,0.41887675304021554,435,False
XM_normal,L3,102,TW,54,MOM100%,ROE33%/EPS33%,0.0,0.16060243289894874,-0.6177749385531184,163,62,0.3803680981595092,0.40975226381541724,192,False
XM_normal,L3,70,TW,26,PS50%/EV_S50%,FCF_P38%/EPS31%,1.0,0.12822034393653592,-0.5929525144721475,163,61,0.37423312883435583,0.42248413046954364,192,False
XM_normal,L3,113,TW,92,P_IC52%/PB35%,EPS39%/ROE39%,0.0,0.13729072995456815,-0.6289307973129618,163,59,0.3619631901840491,0.4165088813777173,435,False
XM_normal,L3,83,TW,23,PB65%/P_IC35%,ROE39%/EPS39%,1.0,0.1134600943746573,-0.6757920946603188,163,58,0.3558282208588957,0.4116342398822102,192,False
XM_normal,L3,134,TW,52,EV_S50%/PS50%,ROE46%/EPS46%,0.0,0.17815857262830856,-0.442224154783744,163,55,0.3374233128834356,0.4299257940797248,192,False
XM_normal,L3,121,TW,83,P_IC40%/EV_S20%,EPS36%/ROE35%,0.0,0.1737781922134305,-0.5685085847552492,163,54,0.3312883435582822,0.4019869489443212,192,False
XM_normal,L3,84,TW,29,OCF_E62%/PB24%,FCF_P83%/無14%,1.0,0.1051046649779747,-0.5922484612298164,163,54,0.3312883435582822,0.42698275823459864,192,False
XM_normal,L3,76,TW,45,OCF_E91%/PS4%,FCF_P58%/無20%,1.0,0.1063256404370658,-0.6058690582072499,163,53,0.32515337423312884,0.4282279325050977,386,False
XM_normal,L3,118,TW,189,PS30%/EV_S26%,FCF_P80%/無17%,0.0,0.1019399494834463,-0.6238156047835914,163,53,0.32515337423312884,0.41471605559537306,435,False
XM_normal,L3,117,TW,93,P_IC34%/EV_S26%,ROE43%/EPS43%,0.0,0.1317623278383508,-0.6121523436024636,163,52,0.31901840490797545,0.400443106540483,192,False
XM_normal,L3,120,TW,71,PS51%/PB48%,ROE34%/EPS34%,0.0,0.1350412360970287,-0.6282884898340462,163,50,0.3067484662576687,0.4140681611768312,192,False
XM_normal,L3,144,TW,28,P_IC50%/PB43%,EPS50%/ROE50%,1.0,0.17786453744376823,-0.5669000892540627,163,49,0.3006134969325153,0.4375264743624808,192,False
XM_normal,L3,109,TW,133,MOM98%/PB1%,FCF_P38%/ROE28%,0.0,0.1600858320553924,-0.6569717168000617,163,49,0.3006134969325153,0.42905249719525695,435,False
XM_normal,L3,114,TW,122,PB66%/P_IC34%,EPS44%/ROE44%,0.0,0.13601623354309295,-0.5803702342659636,163,49,0.3006134969325153,0.4175795002065603,192,False
XM_normal,L3,101,TW,72,MOM50%/P_IC25%,EPS33%/ROE33%,0.0,0.18133849995799606,-0.6582964090461325,163,47,0.2883435582822086,0.4303237718912116,435,False
XM_normal,L3,126,TW,57,EV_S74%/OCF_E26%,ROE42%/EPS40%,0.0,0.1394618012612563,-0.6747898343027673,163,46,0.2822085889570552,0.4209404232007924,435,False
XM_normal,L3,125,TW,128,EV_S51%/PS49%,EPS47%/ROE46%,0.0,0.1236661041871748,-0.6167011692674084,163,45,0.27607361963190186,0.41370882962952366,435,False
XM_normal,L3,164,TW,136,PB38%/P_IC25%,ROE35%/EPS35%,0.0,0.18792449579987092,-0.5289030333925491,163,44,0.26993865030674846,0.4074927515129465,192,False
XM_normal,L3,104,TW,51,MOM100%,ROE35%/EPS35%,0.0,0.1460879315501935,-0.683214425148778,163,39,0.2392638036809816,0.4379182823507083,435,False
XM_normal,L3,167,TW,34,EV_S100%,EPS35%/ROE35%,0.0,0.13804292948500324,-0.6125916525935342,163,39,0.2392638036809816,0.4259676119004028,435,False
XM_normal,L3,103,TW,53,EV_S34%/PS34%,ROE34%/EPS34%,0.0,0.2050664263376014,-0.6253821624834018,163,38,0.2331288343558282,0.40851598788619026,192,False
XM_normal,L3,173,TW,166,PS61%/EV_S39%,EPS47%/ROE47%,0.0,0.186799450298996,-0.5148207563659859,163,38,0.2331288343558282,0.4126257803616242,192,False
XM_normal,L3,128,TW,44,OCF_E100%,ROE50%/EPS50%,0.0,0.1484167859156476,-0.4314922094230327,163,37,0.22699386503067484,0.4269427021798723,435,False
XM_normal,L3,124,TW,101,PS76%/EV_S24%,ROE48%/EPS48%,0.0,0.1291367058059929,-0.5553045835747918,163,37,0.22699386503067484,0.42437192661899364,435,False
XM_normal,L3,122,TW,46,OCF_E37%/PS37%,FCF_P83%/無17%,0.0,0.11310227967953995,-0.6013643991713019,163,32,0.19631901840490798,0.41511482034406366,192,False
XM_normal,L3,112,TW,183,MOM62%/PS10%,ROE34%/EPS34%,0.0,0.1556132485787726,-0.6661411816462796,163,31,0.1901840490797546,0.4425246609894822,435,False
XM_normal,L3,166,TW,62,EV_S39%/PS39%,ROE50%/EPS50%,0.0,0.19651475904248533,-0.44211665672464295,163,30,0.18404907975460122,0.41446384783238616,192,False
XM_normal,L3,168,TW,58,OCF_E100%,ROE41%/EPS41%,0.0,0.1459404731814242,-0.5156254760472754,163,29,0.17791411042944785,0.42664980845365863,435,False
XM_normal,L3,171,TW,98,PS37%/EV_S31%,FCF_P81%/無19%,0.0,0.1416592260849224,-0.5832552186192567,163,28,0.17177914110429449,0.4217432108912706,192,False
XM_normal,L3,135,TW,127,P_IC47%/PB40%,EPS32%/ROE31%,0.0,0.1675456911210908,-0.5092486746315676,163,24,0.147239263803681,0.43909405748459385,192,False
XM_normal,L3,123,TW,99,OCF_E81%/PB6%,FCF_P49%/EPS19%,0.0,0.120245077253152,-0.6113540468705538,163,23,0.1411042944785276,0.43630989239127904,435,False
XM_normal,L3,105,TW,91,MOM100%,ROE46%/EPS46%,0.0,0.1873371802505177,-0.6214094890670724,163,20,0.12269938650306748,0.45043015167171885,435,False
XM_normal,L3,111,TW,39,MOM100%,FCF_P49%/ROE23%,0.0,0.1648812137354669,-0.6498688545679436,163,20,0.12269938650306748,0.41970609860100333,192,False
XM_normal,L3,110,TW,54,MOM100%,EPS39%/ROE33%,0.0,0.17062924099522744,-0.6389621726765462,163,17,0.10429447852760736,0.43233349011797356,192,False
XM_normal,L3,127,TW,104,OCF_E78%/PB12%,EPS49%/ROE47%,0.0,0.15153822641118414,-0.5067810644147481,163,12,0.0736196319018405,0.44377297520891335,435,False
XM_normal,L3,205,US,29,EV_EBITDA52%/REVENUE48%,EPS76%/FCF_P17%,0.0,0.2793772946888961,-0.5776740406632748,112,112,1.0,0.16254687016161215,1,True
XM_normal,L3,446,US,22,PS32%/EV_S32%,FCF_P100%,0.0,0.25590902131402793,-0.6371752002913118,112,112,1.0,0.19253440111203732,1,True
XM_normal,L3,390,US,21,REVENUE100%,ROE33%/EPS33%,0.0,0.2425812098120283,-0.4855996025786622,112,112,1.0,0.18240459374259607,1,True
XM_normal,L3,386,US,29,REVENUE100%,FCF_P48%/ROE24%,0.0,0.2365979964730158,-0.4562167893076592,112,112,1.0,0.1653318126243484,1,True
XM_normal,L3,435,US,24,PS38%/P_IC38%,EPS100%,1.0,0.22626354245024105,-0.6496661690071969,112,112,1.0,0.16518667673561016,1,True
XM_normal,L3,220,US,36,REVENUE67%/EV_EBITDA17%,FCF_P78%/無22%,0.0,0.22229639716668426,-0.5591598387231724,112,112,1.0,0.183421395458061,1,True
XM_normal,L3,387,US,21,REVENUE100%,EPS33%/ROE33%,0.0,0.2145996324031729,-0.4384363568023717,112,112,1.0,0.1767359244319792,1,True
XM_normal,L3,321,US,32,PS50%/EV_S50%,ROE50%/EPS50%,1.0,0.20871804050228981,-0.5877092191588011,112,112,1.0,0.17571186177524428,1,True
XM_normal,L3,441,US,23,P_IC35%/EV_S22%,ROE57%/EPS43%,1.0,0.1867004140986456,-0.6676549760592391,112,112,1.0,0.17785926080331524,1,True
XM_normal,L3,279,US,20,EPS85%/EV_EBITDA15%,EPS40%/ROE35%,1.0,0.1493559037008024,-0.528228331471401,112,112,1.0,0.19886783813719255,1,True
XM_normal,L3,209,US,24,REVENUE42%/EPS33%,ROE100%,0.0,0.26929608547906025,-0.5610570368618815,112,111,0.9910714285714286,0.1860291603924222,1,False
XM_normal,L3,221,US,34,REVENUE68%/EPS21%,FCF_P94%/無6%,0.0,0.24518961748367346,-0.5257337049607229,112,111,0.9910714285714286,0.17670726323392882,1,False
XM_normal,L3,219,US,28,REVENUE57%/VOL21%,FCF_P100%,0.0,0.2184216494799631,-0.5716008848337439,112,111,0.9910714285714286,0.19824841731682633,1,False
XM_normal,L3,225,US,20,REVENUE35%/VOL25%,FCF_P100%,1.0,0.21443281762630195,-0.6522632127282707,112,111,0.9910714285714286,0.1872385177896432,1,False
XM_normal,L3,242,US,25,REVENUE40%/EV_EBITDA32%,ROE56%/EPS44%,1.0,0.2214554312450067,-0.5555143679740013,112,110,0.9821428571428571,0.18123366421013953,1,False
XM_normal,L3,306,US,35,P_IC40%/PB34%,EPS60%/ROE37%,1.0,0.2099833847248944,-0.7611490867554601,112,109,0.9732142857142857,0.13583038448139725,1,False
XM_normal,L3,224,US,33,REVENUE39%/EV_EBITDA24%,EPS48%/ROE39%,1.0,0.1398514032761006,-0.6163658484344752,112,108,0.9642857142857143,0.17784524213303338,1,False
XM_normal,L3,244,US,20,REVENUE40%/VOL30%,EPS100%,1.0,0.17470043421419418,-0.6157752341210547,112,107,0.9553571428571429,0.17369788402904945,1,False
XM_normal,L3,433,US,22,PS27%/P_IC27%,ROE50%/EPS50%,1.0,0.25047523543496425,-0.7044824274670936,112,106,0.9464285714285714,0.1758693155226225,1,False
XM_normal,L3,243,US,57,REVENUE37%/VOL32%,EPS100%,1.0,0.2006171148215665,-0.6298907110150895,112,106,0.9464285714285714,0.1782028743363834,1,False
XM_normal,L3,240,US,37,REVENUE38%/VOL32%,ROE100%,1.0,0.195134800443582,-0.6128634272858262,112,106,0.9464285714285714,0.17523596465715036,1,False
XM_normal,L3,227,US,27,REVENUE37%/VOL33%,FCF_P100%,1.0,0.1778299072895659,-0.6388234170289222,112,106,0.9464285714285714,0.19054947993823523,1,False
XM_normal,L3,452,US,40,EV_S50%/PS50%,EPS100%,0.0,0.2801881486002108,-0.6160715975840534,112,105,0.9375,0.19668371155255343,1,False
XM_normal,L3,448,US,48,EV_S50%/PS50%,EPS50%/ROE50%,0.0,0.35402831073050767,-0.6809928851466656,112,103,0.9196428571428571,0.18202454652123568,1,False
XM_normal,L3,278,US,59,EPS100%,EPS37%/ROE32%,1.0,0.1606814446566502,-0.4940332066442819,112,103,0.9196428571428571,0.18764658787919866,1,False
XM_normal,L3,283,US,41,EV_S51%/PS49%,FCF_P39%/EPS29%,1.0,0.1553908679920908,-0.471108279144968,112,103,0.9196428571428571,0.20016258073779694,1,False
XM_normal,L3,192,US,21,P_IC52%/PB43%,EPS71%/ROE29%,0.0,0.3170054926661898,-0.5589284087491712,112,102,0.9107142857142857,0.16115828696805007,1,False
XM_normal,L3,381,US,36,PB25%/PS25%,EPS67%/FCF_P22%,0.0,0.2458790905500605,-0.6517976020445135,112,102,0.9107142857142857,0.19499071015566885,1,False
XM_normal,L3,350,US,26,PB54%/P_IC27%,FCF_P100%,1.0,0.21658981719700374,-0.6829630660761673,112,101,0.9017857142857143,0.19741075688466814,1,False
XM_normal,L3,194,US,26,REVENUE50%/EV_EBITDA31%,EPS92%/ROE8%,0.0,0.33324822898364637,-0.533826103591404,112,100,0.8928571428571429,0.18816962878292764,1,False
XM_normal,L3,380,US,30,P_IC50%/PB50%,ROE33%/EPS33%,1.0,0.1653016537285393,-0.6911452971222212,112,100,0.8928571428571429,0.1988850117791871,1,False
XM_normal,L3,200,US,25,VOL52%/EPS24%,EPS88%/ROE12%,0.0,0.3112312282631266,-0.5945495062191621,112,99,0.8839285714285714,0.1977542938775457,1,False
XM_normal,L3,222,US,39,REVENUE51%/EPS49%,EPS36%/ROE33%,0.0,0.2434689739478854,-0.5282673132446025,112,99,0.8839285714285714,0.1910640391699401,1,False
XM_normal,L3,376,US,20,EV_S100%,EPS35%/ROE30%,0.0,0.2056207592966813,-0.660224382810605,112,99,0.8839285714285714,0.1849106914823337,1,False
XM_normal,L3,408,US,42,P_IC71%/REVENUE29%,ROE48%/EPS48%,0.0,0.23792827794140345,-0.5290787330242294,112,98,0.875,0.19387137183212885,1,False
XM_normal,L3,195,US,69,REVENUE70%/EV_EBITDA29%,EPS90%/ROE10%,0.0,0.27785014745957,-0.526893054306458,112,97,0.8660714285714286,0.1941578531812824,1,False
XM_normal,L3,326,US,28,PB100%,ROE43%/EPS32%,0.0,0.2832723534595289,-0.553102260710481,112,94,0.8392857142857143,0.1505858631801093,1,False
XM_normal,L3,393,US,27,REVENUE100%,FCF_P44%/ROE26%,0.0,0.278362491343197,-0.4352709991855903,112,94,0.8392857142857143,0.1839830025293253,1,False
XM_normal,L3,282,US,36,PS100%,EPS36%/ROE31%,1.0,0.16587234169069243,-0.5550261981642475,112,94,0.8392857142857143,0.20053634767442322,1,False
XM_normal,L3,215,US,50,EPS34%/VOL32%,ROE38%/FCF_P34%,0.0,0.2338565231866923,-0.6422878870052993,112,92,0.8214285714285714,0.19534203287630952,1,False
XM_normal,L3,311,US,32,PS50%/EV_S50%,FCF_P31%/ROE31%,1.0,0.2068644361816005,-0.5744010373710298,112,91,0.8125,0.19765313980997085,1,False
XM_normal,L3,453,US,30,EV_S47%/PS47%,ROE67%/EPS33%,0.0,0.31132842651266185,-0.6734883596053509,112,90,0.8035714285714286,0.20894784339170755,1,False
XM_normal,L3,437,US,27,EV_S67%/PS33%,EPS56%/ROE44%,1.0,0.2237027215540281,-0.6467715669473277,112,90,0.8035714285714286,0.18183132953950865,1,False
XM_normal,L3,294,US,113,P_IC55%/PB23%,FCF_P58%/EPS17%,0.336283185840708,0.1957340995313354,-0.6339064814692352,112,90,0.8035714285714286,0.18592166362386162,1,False
XM_normal,L3,373,US,71,PB41%/P_IC37%,FCF_P46%/ROE23%,0.0,0.2914345259038426,-0.6635601753483942,112,89,0.7946428571428571,0.18948783099918945,1,False
XM_normal,L3,449,US,32,EV_S50%/PS50%,ROE100%,0.0,0.25000592549780926,-0.5819411665673133,112,88,0.7857142857142857,0.21283644711573393,1,False
XM_normal,L3,375,US,22,EPS32%/VOL32%,FCF_P91%/無9%,0.0,0.26304524217217506,-0.5689082949255531,112,87,0.7767857142857143,0.18410994766505512,1,False
XM_normal,L3,188,US,26,P_IC100%,ROE69%/EPS31%,0.0,0.30179653535308465,-0.6429835138498584,112,84,0.75,0.18800896984679238,1,False
XM_normal,L3,447,US,26,PB31%/PS27%,EPS69%/FCF_P23%,0.0,0.26321950532583355,-0.5646773358257451,112,84,0.75,0.19041121719779874,1,False
XM_normal,L3,208,US,31,REVENUE45%/EPS32%,EPS55%/ROE35%,0.0,0.2597456048266904,-0.5713453030260162,112,84,0.75,0.20142647851261053,1,False
XM_normal,L3,407,US,37,P_IC97%/REVENUE3%,FCF_P46%/EPS27%,0.0,0.2221560808758036,-0.5410058497693965,112,84,0.75,0.19713351928548845,1,False
XM_normal,L3,193,US,24,REVENUE38%/PB29%,ROE100%,0.0,0.292320301326115,-0.5302562216260914,112,83,0.7410714285714286,0.2057298626104826,1,False
XM_normal,L3,198,US,125,VOL58%/EV_EBITDA24%,ROE47%/EPS43%,0.0,0.2750455595132504,-0.592735294285226,112,83,0.7410714285714286,0.20350270032384846,1,False
XM_normal,L3,322,US,22,PS50%/EV_S50%,EPS45%/FCF_P18%,0.0,0.25018456343912726,-0.5497410366225735,112,82,0.7321428571428571,0.19433383145533978,1,False
XM_normal,L3,378,US,32,EV_EBITDA100%,FCF_P38%/EPS28%,0.0,0.24237206721726473,-0.6286651533238383,112,81,0.7232142857142857,0.20151868422449984,1,False
XM_normal,L3,332,US,41,EV_S41%/PS34%,EPS100%,0.0,0.2455279886691641,-0.5996953880383334,112,80,0.7142857142857143,0.18322820916207544,1,False
XM_normal,L3,290,US,28,REVENUE100%,EPS46%/ROE36%,1.0,0.14471443235050796,-0.5643890007155699,112,80,0.7142857142857143,0.20295298916063526,1,False
XM_normal,L3,190,US,27,REVENUE52%/P_IC41%,ROE52%/EPS48%,0.0,0.2506994286119182,-0.5438932051243897,112,79,0.7053571428571429,0.19052701580741738,1,False
XM_normal,L3,409,US,85,P_IC98%/REVENUE2%,EPS32%/ROE31%,0.0,0.2059916219106905,-0.5482699690618803,112,79,0.7053571428571429,0.20260106509123998,1,False
XM_normal,L3,197,US,46,REVENUE57%/EV_EBITDA43%,ROE100%,0.0,0.2339273654635075,-0.5509645960081307,112,77,0.6875,0.21938692452898606,1,False
XM_normal,L3,342,US,28,VOL57%/EV_EBITDA25%,FCF_P61%/無18%,1.0,0.20316623756076657,-0.675212898317286,112,77,0.6875,0.2020259272275319,1,False
XM_normal,L3,308,US,42,PB50%/P_IC24%,ROE52%/EPS48%,1.0,0.23093539369834126,-0.6448053645103601,112,76,0.6785714285714286,0.18198291456181576,1,False
XM_normal,L3,280,US,81,EPS62%/REVENUE20%,EPS35%/ROE32%,1.0,0.1461863307475297,-0.5630547647231907,112,76,0.6785714285714286,0.18844534001379423,1,False
XM_normal,L3,394,US,20,REVENUE100%,EPS35%/ROE35%,0.0,0.23781391410911246,-0.46086987129972723,112,75,0.6696428571428571,0.21609951033901642,1,False
XM_normal,L3,233,US,29,EV_EBITDA34%/EPS34%,FCF_P48%/EPS21%,1.0,0.1703465942663988,-0.6610176124916389,112,75,0.6696428571428571,0.19688140198837334,1,False
XM_normal,L3,281,US,42,PS100%,EPS33%/ROE33%,0.0,0.1619951022079534,-0.5712414097861798,112,73,0.6517857142857143,0.20980133788949976,1,False
XM_normal,L3,234,US,36,VOL25%/REVENUE25%,ROE56%/EPS44%,1.0,0.21500949360342947,-0.6350519481929202,112,72,0.6428571428571429,0.201932486686825,1,False
XM_normal,L3,253,US,44,REVENUE36%/EV_EBITDA32%,ROE50%/EPS50%,1.0,0.18113640860507985,-0.6320025808011196,112,72,0.6428571428571429,0.18565498942603784,1,False
XM_normal,L3,312,US,46,PS72%/EV_S28%,ROE46%/EPS41%,1.0,0.1992430215606514,-0.5956447688724644,112,71,0.6339285714285714,0.19587661285750163,1,False
XM_normal,L3,271,US,42,P_IC100%,FCF_P38%/EPS31%,1.0,0.1724987972658611,-0.49251491156659405,112,71,0.6339285714285714,0.20836684856055046,1,False
XM_normal,L3,284,US,114,EV_S50%/PS50%,ROE33%/EPS33%,0.2631578947368421,0.1454519588141236,-0.5042017386504958,112,71,0.6339285714285714,0.19960348012875315,1,False
XM_normal,L3,443,US,24,P_IC54%/PB46%,ROE71%/EPS29%,1.0,0.3122852318366472,-0.6511426852586096,112,70,0.625,0.19250536525693457,1,False
XM_normal,L3,196,US,24,EV_EBITDA42%/EPS38%,ROE54%/EPS46%,0.0,0.3043598249909071,-0.5618924574582957,112,70,0.625,0.19556432255871015,1,False
XM_normal,L3,297,US,23,P_IC100%,FCF_P48%/EPS22%,0.2608695652173913,0.2108675394800625,-0.6220925617520042,112,70,0.625,0.18028740246459743,1,False
XM_normal,L3,263,US,20,EV_S100%,EPS35%/ROE35%,0.0,0.1441128775818754,-0.4458467945874844,112,70,0.625,0.20068493806049031,1,False
XM_normal,L3,382,US,48,PS25%/EV_S25%,ROE58%/FCF_P33%,0.0,0.2255316088325284,-0.6413684376332434,112,69,0.6160714285714286,0.20120658249200685,1,False
XM_normal,L3,419,US,25,P_IC100%,ROE36%/EPS36%,1.0,0.188381279242036,-0.5681741671472368,112,68,0.6071428571428571,0.20814227058051024,1,False
XM_normal,L3,223,US,24,VOL33%/EPS29%,FCF_P62%/ROE12%,1.0,0.15735075899155054,-0.6911434041949039,112,68,0.6071428571428571,0.20627787129379194,1,False
XM_normal,L3,287,US,70,EPS73%/REVENUE27%,ROE36%/EPS30%,0.18571428571428572,0.15375514413012298,-0.523533823601517,112,68,0.6071428571428571,0.21324521270166366,1,False
XM_normal,L3,291,US,64,REVENUE100%,EPS36%/ROE34%,1.0,0.14603069703167498,-0.5616237409715843,112,67,0.5982142857142857,0.19863935692861362,1,False
XM_normal,L3,289,US,26,REVENUE100%,FCF_P46%/ROE23%,1.0,0.16712520571631856,-0.5772586543982563,112,66,0.5892857142857143,0.1765232605646078,1,False
XM_normal,L3,286,US,67,EV_EBITDA76%/REVENUE24%,EPS36%/ROE34%,1.0,0.1431488154362645,-0.517816693228647,112,66,0.5892857142857143,0.20990153682177642,1,False
XM_normal,L3,206,US,38,EPS47%/VOL26%,ROE61%/EPS39%,0.0,0.29472754810311086,-0.6087617405096812,112,65,0.5803571428571429,0.1899621347221508,1,False
XM_normal,L3,204,US,39,EV_EBITDA33%/REVENUE31%,ROE49%/EPS44%,0.0,0.2486542595668008,-0.5366386222860409,112,65,0.5803571428571429,0.19886510169509294,1,False
XM_normal,L3,325,US,32,EV_S53%/PS47%,FCF_P56%/EPS19%,1.0,0.21799183291362556,-0.5774552293958266,112,65,0.5803571428571429,0.19716846051568607,1,False
XM_normal,L3,330,US,62,P_IC73%/EV_S6%,ROE58%/EPS31%,0.0,0.20162302385700254,-0.6209236124590876,112,65,0.5803571428571429,0.18198839074788084,1,False
XM_normal,L3,285,US,114,EV_EBITDA70%/REVENUE29%,ROE38%/EPS37%,0.0,0.14364073222464646,-0.528670877256168,112,65,0.5803571428571429,0.19602055809323776,1,False
XM_normal,L3,417,US,26,P_IC100%,ROE58%/EPS42%,1.0,0.12716622287409451,-0.5710085911977147,112,65,0.5803571428571429,0.2017964711111702,1,False
XM_normal,L3,344,US,37,P_IC43%/PB41%,FCF_P100%,1.0,0.2302259484931959,-0.6607275290215462,112,64,0.5714285714285714,0.20234396164227955,1,False
XM_normal,L3,231,US,43,VOL42%/EV_EBITDA37%,FCF_P93%/無7%,1.0,0.210095522927747,-0.6064273461429448,112,63,0.5625,0.20584004312215734,1,False
XM_normal,L3,274,US,21,P_IC100%,ROE33%/EPS33%,0.0,0.1854347754488332,-0.5652860420084,112,62,0.5535714285714286,0.2117394574862493,1,False
XM_normal,L3,450,US,38,EV_S42%/PS42%,ROE50%/EPS50%,0.0,0.3209340373153948,-0.6253949331388503,112,61,0.5446428571428571,0.1830538839382752,1,False
XM_normal,L3,217,US,96,VOL46%/EV_EBITDA32%,FCF_P74%/EPS9%,0.0,0.2492450978196009,-0.5993627169188074,112,61,0.5446428571428571,0.2047804971944937,1,False
XM_normal,L3,318,US,31,PS42%/EV_S42%,ROE58%/EPS42%,1.0,0.208057331296575,-0.6551189885953776,112,61,0.5446428571428571,0.17737163032658282,1,False
XM_normal,L3,323,US,34,PS50%/EV_S50%,ROE71%/FCF_P24%,0.0,0.24770023166861674,-0.5339834033823736,112,60,0.5357142857142857,0.2007575660027197,1,False
XM_normal,L3,203,US,31,REVENUE58%/EV_EBITDA42%,EPS45%/ROE39%,0.0,0.2453496778037625,-0.4964386994107307,112,60,0.5357142857142857,0.20525922503869,1,False
XM_normal,L3,416,US,34,P_IC68%/REVENUE32%,EPS38%/無32%,1.0,0.1771586380740655,-0.5845631916209837,112,60,0.5357142857142857,0.22595148293070105,1,False
XM_normal,L3,372,US,70,PB39%/P_IC39%,FCF_P96%/無4%,0.0,0.2721013258135749,-0.6550594258865874,112,59,0.5267857142857143,0.1969590891759413,1,False
XM_normal,L3,353,US,38,PB45%/P_IC45%,ROE34%/EPS34%,1.0,0.20779205585991273,-0.7056559257742694,112,59,0.5267857142857143,0.20196174503861017,1,False
XM_normal,L3,229,US,23,REVENUE35%/EV_EBITDA30%,無100%,1.0,0.1853293658976578,-0.6309250933905277,112,59,0.5267857142857143,0.20412432766580713,1,False
XM_normal,L3,302,US,31,P_IC100%,ROE32%/EPS32%,1.0,0.1889514126588123,-0.6954933523239352,112,58,0.5178571428571429,0.21011400560634444,1,False
XM_normal,L3,346,US,24,EPS100%,FCF_P83%/無17%,1.0,0.28427246492039093,-0.5607529019509456,112,57,0.5089285714285714,0.21052556876518053,1,False
XM_normal,L3,334,US,20,PS30%/EV_S25%,FCF_P100%,0.0,0.2377650522428223,-0.5676942181248845,112,57,0.5089285714285714,0.19326748123117468,1,False
XM_normal,L3,339,US,44,EV_S41%/PS39%,ROE80%/EPS20%,0.0,0.23378039978037676,-0.5844625726711418,112,57,0.5089285714285714,0.18045707717216544,1,False
XM_normal,L3,316,US,24,EV_EBITDA100%,EPS50%/ROE46%,1.0,0.1972422140046609,-0.5978084367593243,112,57,0.5089285714285714,0.17679895242782298,1,False
XM_normal,L3,371,US,37,EV_S49%/PS49%,FCF_P100%,0.0,0.3160036139408524,-0.6557397491189073,112,56,0.5,0.20801908593591967,1,False
XM_normal,L3,425,US,26,VOL100%,EPS50%/ROE46%,1.0,0.21476448347928112,-0.6295278964638973,112,56,0.5,0.17971273644247673,1,False
XM_normal,L3,358,US,27,P_IC52%/PB48%,FCF_P37%/ROE30%,1.0,0.1681390229711092,-0.7244241516040772,112,56,0.5,0.1870265265152579,1,False
XM_normal,L3,185,US,49,PB69%/P_IC22%,EPS80%/FCF_P16%,0.0,0.3164723998013163,-0.6180845227716718,112,55,0.49107142857142855,0.19475269773716936,1,False
XM_normal,L3,331,US,40,PS50%/EV_S50%,EPS35%/ROE35%,0.0,0.24089762901065032,-0.6000804083118895,112,55,0.49107142857142855,0.2048144279635696,1,False
XM_normal,L3,254,US,73,EV_S52%/PS27%,EPS41%/ROE27%,1.0,0.1485439413977531,-0.5454922971338914,112,55,0.49107142857142855,0.21762798972333242,1,False
XM_normal,L3,315,US,38,EV_EBITDA100%,FCF_P39%/ROE26%,1.0,0.21195707490755214,-0.5831518422357682,112,54,0.48214285714285715,0.19767188305184996,1,False
XM_normal,L3,369,US,40,PB50%/P_IC50%,ROE35%/EPS30%,0.0,0.2088119532061204,-0.6864623240966756,112,54,0.48214285714285715,0.1831064236406859,1,False
XM_normal,L3,256,US,89,EPS70%/REVENUE30%,ROE36%/EPS35%,0.0,0.1685832985161794,-0.5217896357750365,112,53,0.4732142857142857,0.22290162038248373,1,False
XM_normal,L3,202,US,22,REVENUE55%/EPS45%,EPS45%/ROE45%,0.0,0.2688293558824283,-0.5085571254043565,112,52,0.4642857142857143,0.21089076054911665,1,False
XM_normal,L3,309,US,40,EV_S55%/PS40%,EPS55%/ROE45%,1.0,0.22983334519088125,-0.6172660818020927,112,52,0.4642857142857143,0.19662268284672396,1,False
XM_normal,L3,333,US,32,PS56%/EV_S44%,ROE31%/EPS31%,0.0,0.24914983150639095,-0.5864362430840578,112,51,0.45535714285714285,0.19345826957750376,1,False
XM_normal,L3,329,US,20,P_IC100%,EPS35%/ROE35%,0.0,0.24304632905600432,-0.6064510576112652,112,51,0.45535714285714285,0.1902724117003654,1,False
XM_normal,L3,362,US,27,P_IC30%/PB30%,EPS52%/ROE48%,1.0,0.227682253295629,-0.7925709770490594,112,51,0.45535714285714285,0.20008971028187122,1,False
XM_normal,L3,235,US,27,EV_EBITDA59%/VOL41%,EPS52%/ROE48%,1.0,0.225091958436238,-0.6327782304011028,112,51,0.45535714285714285,0.18937730034783873,1,False
XM_normal,L3,264,US,21,PB100%,ROE33%/EPS33%,0.0,0.160678038005323,-0.5171310513301609,112,51,0.45535714285714285,0.2051356560749476,1,False
XM_normal,L3,427,US,39,VOL90%/EPS10%,FCF_P44%/EPS26%,0.0,0.2806440433672563,-0.6054697830655691,112,50,0.44642857142857145,0.18738948361323712,1,False
XM_normal,L3,255,US,84,EV_S50%/PB25%,ROE33%/EPS33%,0.0,0.14626133857446577,-0.5357755933690236,112,50,0.44642857142857145,0.22373771550608398,1,False
XM_normal,L3,423,US,50,VOL60%/PS20%,FCF_P50%/ROE20%,1.0,0.2655559485244769,-0.6577031361748045,112,49,0.4375,0.20169110915422733,1,False
XM_normal,L3,335,US,21,EV_EBITDA100%,EPS33%/ROE33%,0.0,0.2486920194109609,-0.5339968194861161,112,49,0.4375,0.22018041328890128,1,False
XM_normal,L3,293,US,49,PB51%/P_IC49%,EPS47%/ROE47%,0.0,0.2259570389581489,-0.6013102292038555,112,49,0.4375,0.192477900490178,1,False
XM_normal,L3,186,US,73,PB82%/P_IC10%,ROE73%/EPS26%,0.0,0.3093195859257245,-0.6085052811787051,112,48,0.42857142857142855,0.19532577626203246,1,False
XM_normal,L3,368,US,62,PB26%/PS26%,ROE40%/EPS32%,0.0,0.24531572730261314,-0.6637869357420338,112,48,0.42857142857142855,0.20542866100762594,1,False
XM_normal,L3,338,US,56,EV_EBITDA100%,EPS48%/ROE41%,0.0,0.2413819583163088,-0.5605209178902819,112,48,0.42857142857142855,0.18906828950767238,1,False
XM_normal,L3,343,US,24,PS50%/EV_S50%,FCF_P75%/無25%,1.0,0.24957293715212198,-0.6775457236374921,112,47,0.41964285714285715,0.21000104498812822,1,False
XM_normal,L3,341,US,32,VOL34%/EV_EBITDA34%,EPS53%/ROE47%,1.0,0.22926422844383093,-0.6553556982282187,112,47,0.41964285714285715,0.20472362673150338,1,False
XM_normal,L3,314,US,40,PS57%/EV_S42%,EPS52%/ROE48%,1.0,0.21463298995877983,-0.6236440197732512,112,47,0.41964285714285715,0.20018544680569636,1,False
XM_normal,L3,288,US,200,REVENUE44%/EPS32%,FCF_P36%/EPS30%,0.125,0.15338977735348194,-0.5661957520125165,112,47,0.41964285714285715,0.21118649349494342,1,False
XM_normal,L3,370,US,92,EV_S37%/PS26%,無35%/EPS30%,0.0,0.2813626691189227,-0.6500154453245909,112,46,0.4107142857142857,0.2110117399322217,1,False
XM_normal,L3,187,US,42,P_IC100%,EPS57%/ROE43%,0.0,0.2772905380562364,-0.6542472792157263,112,46,0.4107142857142857,0.20845411897953461,1,False
XM_normal,L3,272,US,33,P_IC100%,EPS36%/ROE33%,0.42424242424242425,0.1513313059872751,-0.6234802422924053,112,46,0.4107142857142857,0.2265458780527892,1,False
XM_normal,L3,275,US,73,PB51%/P_IC49%,ROE34%/EPS33%,0.4383561643835616,0.1444211533436024,-0.5326894571119973,112,46,0.4107142857142857,0.21388184893813098,1,False
XM_normal,L3,352,US,32,P_IC50%/PB50%,ROE31%/FCF_P31%,1.0,0.24607882277867585,-0.6917509482433355,112,45,0.4017857142857143,0.20586681549423205,1,False
XM_normal,L3,355,US,42,EV_S48%/PS48%,EPS52%/ROE48%,1.0,0.22764093859941198,-0.6974399335963614,112,45,0.4017857142857143,0.220007588147474,1,False
XM_normal,L3,259,US,41,PB51%/P_IC49%,ROE34%/EPS34%,1.0,0.1375848625014575,-0.5261359132536846,112,45,0.4017857142857143,0.20724843562826487,1,False
XM_normal,L3,366,US,42,PS31%/EV_S31%,FCF_P100%,0.0,0.23806429713393557,-0.6340395466240418,112,44,0.39285714285714285,0.23488508727404445,1,False
XM_normal,L3,307,US,42,EV_S43%/PB21%,ROE52%/EPS48%,1.0,0.2668665538743664,-0.6467698311557887,112,43,0.38392857142857145,0.2002857192286309,1,False
XM_normal,L3,296,US,57,P_IC51%/EV_EBITDA33%,EPS40%/ROE39%,0.0,0.1921263187868438,-0.6386797452466344,112,43,0.38392857142857145,0.19773510799860294,1,False
XM_normal,L3,379,US,30,PS50%/EV_S50%,ROE33%/EPS33%,1.0,0.2011161593363986,-0.6616455093976874,112,42,0.375,0.22343912212693967,1,False
XM_normal,L3,367,US,68,EV_S41%/PS31%,ROE43%/FCF_P32%,0.0,0.2505600595501704,-0.6555742248105687,112,41,0.36607142857142855,0.20322577409503872,1,False
XM_normal,L3,270,US,60,P_IC65%/PB35%,EPS40%/ROE33%,1.0,0.153322218766712,-0.5313238557930866,112,41,0.36607142857142855,0.21552025398480823,1,False
XM_normal,L3,356,US,62,EV_S35%/PB29%,FCF_P55%/ROE16%,1.0,0.2360757964717862,-0.6769224185148254,112,39,0.3482142857142857,0.20905753980767186,1,False
XM_normal,L3,354,US,23,PS52%/EV_S48%,FCF_P83%/無17%,1.0,0.2090652769573029,-0.6960949977718967,112,39,0.3482142857142857,0.2243668557008154,1,False
XM_normal,L3,365,US,32,P_IC50%/PB50%,無50%/ROE25%,1.0,0.1744319770824499,-0.7137283833847383,112,39,0.3482142857142857,0.21261386266066576,1,False
XM_normal,L3,432,US,24,PS62%/EV_S29%,ROE54%/EPS46%,1.0,0.3225610241615656,-0.702925846330772,112,38,0.3392857142857143,0.24209108585388256,1,False
XM_normal,L3,337,US,150,PS57%/EV_S43%,ROE40%/EPS39%,0.0,0.23221496931216876,-0.5817722938877288,112,38,0.3392857142857143,0.200825968720942,1,False
XM_normal,L3,258,US,36,P_IC100%,ROE33%/EPS33%,0.4166666666666667,0.13618491301436625,-0.5594539409524794,112,38,0.3392857142857143,0.20346902887065643,1,False
XM_normal,L3,273,US,105,P_IC80%/PB20%,ROE33%/EPS33%,0.0,0.1635817530285104,-0.5049154331448803,112,37,0.33035714285714285,0.2163499986683334,1,False
XM_normal,L3,377,US,21,EV_EBITDA100%,EPS33%/ROE33%,0.14285714285714285,0.2140930882890568,-0.6572627668759425,112,36,0.32142857142857145,0.22269776796273097,1,False
XM_normal,L3,336,US,75,PS37%/EV_S31%,FCF_P85%/無12%,0.0,0.2408694417390136,-0.580143702962874,112,35,0.3125,0.20877560527118952,1,False
XM_normal,L3,313,US,66,EV_S52%/PS48%,FCF_P76%/無15%,1.0,0.21870328710712533,-0.6099158734298288,112,35,0.3125,0.21645771090266078,1,False
XM_normal,L3,351,US,28,P_IC57%/PB43%,ROE32%/EPS32%,1.0,0.22374791128523558,-0.6989334375108922,112,34,0.30357142857142855,0.22636618064760589,1,False
XM_normal,L3,310,US,40,EV_S100%,EPS35%/ROE32%,0.475,0.2179593850057187,-0.6104427625548547,112,34,0.30357142857142855,0.19685612201690345,1,False
XM_normal,L3,426,US,73,VOL92%/EPS5%,ROE40%/EPS32%,0.0,0.2688689729991116,-0.5902955465154562,112,30,0.26785714285714285,0.18917746595045745,1,False
XM_normal,L3,277,US,58,REVENUE66%/PB34%,EPS33%/ROE33%,0.3275862068965517,0.12661095771941724,-0.5612829382821256,112,28,0.25,0.21330414597291555,1,False
XM_normal,L3,260,US,63,P_IC67%/PB33%,ROE33%/EPS33%,0.0,0.1437039230517396,-0.5305247599689131,112,25,0.22321428571428573,0.22963743342702964,1,False
XM_normal,L3,363,US,24,PS50%/EV_S50%,無33%/ROE33%,1.0,0.18997996021804225,-0.6743463575205157,112,23,0.20535714285714285,0.2446323619098329,1,False
XM_normal,L3,429,US,34,EPS100%,FCF_P44%/ROE29%,0.0,0.29025305169863125,-0.5403941391024345,112,20,0.17857142857142858,0.22204839715790958,1,False
