dimension,value,n_cells,win_B_cagr,win_B_mdd,win_B_calmar,win_D_cagr,win_D_mdd,win_D_calmar,win_E_cagr,win_E_mdd,win_E_calmar,mean_cagr_A,mean_mdd_A,mean_cagr_B,mean_mdd_B,pct_backfilled_A
tree_key,TW,900,0.95,0.6411111111111111,0.9511111111111111,0.2311111111111111,0.7088888888888889,0.27,0.1322222222222222,0.37222222222222223,0.16777777777777778,0.18152349966492454,-0.1559388940201135,0.1597805478629593,-0.15999847153406122,0.17842358813204287
tree_key,US,900,0.8611111111111112,0.8577777777777778,0.8966666666666666,0.024444444444444446,0.84,0.21888888888888888,0.042222222222222223,0.35,0.08,0.2570858048337669,-0.20456459291013532,0.21632696769940732,-0.22277116569490707,0.15481764373104276
tree_key,XM,900,0.9177777777777778,0.8466666666666667,0.9511111111111111,0.17666666666666667,0.9955555555555555,0.45,0.1711111111111111,0.8088888888888889,0.34,0.2305512944378489,-0.16265333514208266,0.19568269470774743,-0.17608873887936846,0.18628948152166885
scheme,A,360,0.8583333333333333,0.7916666666666666,0.8888888888888888,0.21666666666666667,0.8,0.37222222222222223,0.2,0.46111111111111114,0.2388888888888889,0.21948116610882448,-0.14913801336445842,0.19159866600874342,-0.15978666860573434,0.17538873754124662
scheme,B,240,0.9833333333333333,0.7666666666666667,0.9958333333333333,0.12083333333333333,0.8666666666666667,0.29583333333333334,0.1,0.4666666666666667,0.15833333333333333,0.2280570942236136,-0.17028264159657583,0.19802869872205958,-0.18291176289958286,0.176330038908922
scheme,C,180,0.9833333333333333,0.8166666666666667,0.9888888888888889,0.05555555555555555,0.8944444444444445,0.40555555555555556,0.08333333333333333,0.6,0.25,0.22179248725120815,-0.1843966887154923,0.19119499110611116,-0.1962449625581475,0.17681264967199067
scheme,D,300,0.85,0.8066666666666666,0.89,0.18666666666666668,0.84,0.3466666666666667,0.16333333333333333,0.5166666666666667,0.24,0.20018499041455318,-0.16808672476396255,0.17100881460229395,-0.18034933905046532,0.17257474810469736
scheme,E,240,0.8541666666666666,0.8166666666666667,0.8958333333333334,0.07916666666666666,0.8875,0.35833333333333334,0.10416666666666667,0.49583333333333335,0.25,0.20835385311702073,-0.17219295964009682,0.17270167498116848,-0.1833733665851639,0.1731270040304057
scheme,F,180,0.9833333333333333,0.8444444444444444,0.9944444444444445,0.11666666666666667,0.8666666666666667,0.26666666666666666,0.027777777777777776,0.5055555555555555,0.07777777777777778,0.21097324685846877,-0.1821670436239407,0.17815955350299267,-0.1982077030391832,0.17396482541050257
scheme,G,240,0.8958333333333334,0.7833333333333333,0.9291666666666667,0.17083333333333334,0.8208333333333333,0.25833333333333336,0.12916666666666668,0.5125,0.16666666666666666,0.2243012342003012,-0.1727551202972308,0.18996456943087656,-0.18553030018327465,0.1706234908945326
scheme,H,180,0.9611111111111111,0.8611111111111112,0.9777777777777777,0.12222222222222222,0.8,0.2222222222222222,0.022222222222222223,0.46111111111111114,0.06666666666666667,0.22477879554252714,-0.1696659468940093,0.1910417132531898,-0.18458338583861103,0.17444988925503452
scheme,I,120,1.0,0.7583333333333333,1.0,0.0,0.875,0.24166666666666667,0.0,0.6166666666666667,0.175,0.23005823819942617,-0.20177014131012605,0.19145489790175033,-0.2145546965776074,0.17048963214598956
scheme,J,180,0.8611111111111112,0.7277777777777777,0.9055555555555556,0.21666666666666667,0.85,0.2388888888888889,0.17222222222222222,0.5888888888888889,0.2111111111111111,0.2506755038494818,-0.1804153055890688,0.22064381910117625,-0.19128932394047596,0.16799664036244125
scheme,K,120,0.9666666666666667,0.6916666666666667,1.0,0.06666666666666667,0.8666666666666667,0.11666666666666667,0.0,0.5166666666666667,0.06666666666666667,0.2724309301395521,-0.20033806258678796,0.23724039330787808,-0.21189741626368833,0.17339641086040122
scheme,L,120,0.975,0.8166666666666667,0.9916666666666667,0.15833333333333333,0.8416666666666667,0.13333333333333333,0.025,0.5416666666666666,0.03333333333333333,0.2546096068771223,-0.19393585219969228,0.2190353305548704,-0.20887953926448946,0.1707573496430757
scheme,R,240,0.8375,0.6625,0.8333333333333334,0.19583333333333333,0.8666666666666667,0.5208333333333334,0.21666666666666667,0.475,0.37916666666666665,0.20947266455534805,-0.1772861685705122,0.1727139595079887,-0.18337694643135236,0.17211840006651746
k_mode,fixed,1350,0.8985185185185185,0.7866666666666666,0.922962962962963,0.14148148148148149,0.8392592592592593,0.31037037037037035,0.10592592592592592,0.5051851851851852,0.1837037037037037,0.22168372860900254,-0.174562391728697,0.1905967367567047,-0.18628612536944558,0.17463065920766876
k_mode,silhouette_is,1350,0.9207407407407407,0.7770370370370371,0.942962962962963,0.14666666666666667,0.857037037037037,0.31555555555555553,0.12444444444444444,0.5155555555555555,0.20814814814814814,0.224423337348691,-0.17420882298619061,0.1905967367567047,-0.18628612536944558,0.1717231497155009
ratio,0.01,540,0.9425925925925925,0.8481481481481481,0.9444444444444444,0.1388888888888889,0.8777777777777778,0.31296296296296294,0.11851851851851852,0.5574074074074075,0.2074074074074074,0.22997035382328093,-0.170403269173022,0.1905967367567047,-0.18628612536944558,0.03048952328305562
ratio,0.03,540,0.8462962962962963,0.7722222222222223,0.9166666666666666,0.14814814814814814,0.8944444444444445,0.3111111111111111,0.07962962962962963,0.40185185185185185,0.14814814814814814,0.21179827924831238,-0.17672779179185047,0.1905967367567047,-0.18628612536944558,0.09314655216695834
ratio,0.05,540,0.912962962962963,0.7814814814814814,0.9296296296296296,0.11851851851851852,0.8333333333333334,0.2611111111111111,0.08333333333333333,0.4537037037037037,0.17777777777777778,0.2109436647539004,-0.17775054419167827,0.1905967367567047,-0.18628612536944558,0.21912760002069906
ratio,0.1,540,0.9222222222222223,0.7388888888888889,0.9296296296296296,0.14074074074074075,0.8185185185185185,0.34814814814814815,0.13148148148148148,0.5685185185185185,0.22037037037037038,0.21427933132727,-0.1783053926117591,0.1905967367567047,-0.18628612536944558,0.5168632710796354
ratio,legacy,540,0.924074074074074,0.7685185185185185,0.9444444444444444,0.17407407407407408,0.8166666666666667,0.3314814814814815,0.16296296296296298,0.5703703703703704,0.22592592592592592,0.24827603574147028,-0.16874103901890924,0.1905967367567047,-0.18628612536944558,0.006257575757575757
allocation,equal,1350,0.9007407407407407,0.7340740740740741,0.9177777777777778,0.14,0.857037037037037,0.3022222222222222,0.11481481481481481,0.45111111111111113,0.20666666666666667,0.2271151928091651,-0.1760461951682495,0.1905967367567047,-0.18628612536944558,0.22131448289491715
allocation,proportional,1350,0.9185185185185185,0.8296296296296296,0.9481481481481482,0.14814814814814814,0.8392592592592593,0.3237037037037037,0.11555555555555555,0.5696296296296296,0.18518518518518517,0.21899187314852855,-0.1727250195466382,0.1905967367567047,-0.18628612536944558,0.1250393260282525
window_no,1,780,0.9346153846153846,0.9115384615384615,0.9576923076923077,0.10256410256410256,0.8448717948717949,0.4217948717948718,0.12692307692307692,0.491025641025641,0.23846153846153847,0.21676460784402074,-0.1717289720677578,0.19051392318287005,-0.187571221464716,0.17896363895538522
window_no,2,780,0.9320512820512821,0.8294871794871795,0.9551282051282052,0.08205128205128205,0.8564102564102564,0.23846153846153847,0.06794871794871794,0.517948717948718,0.15128205128205127,0.20899580905781304,-0.19339459749551716,0.17601974854703625,-0.2083168340602422,0.17086250005254885
window_no,3,600,0.9116666666666666,0.6683333333333333,0.9333333333333333,0.195,0.8416666666666667,0.31333333333333335,0.10833333333333334,0.5533333333333333,0.20333333333333334,0.24550463845353074,-0.16926429210494515,0.21178648615088158,-0.17739882911407917,0.16771757395210932
window_no,4,360,0.825,0.675,0.8472222222222222,0.19444444444444445,0.8444444444444444,0.23055555555555557,0.16666666666666666,0.4222222222222222,0.19722222222222222,0.23051258399695712,-0.1622363568355309,0.18753955686664295,-0.16928388607988212,0.1758082016075698
window_no,5,120,0.8083333333333333,0.5916666666666667,0.8583333333333333,0.325,0.8583333333333333,0.35833333333333334,0.25833333333333336,0.6166666666666667,0.25,0.20001339745042016,-0.14701476926689558,0.17354247198300352,-0.15068705136823973,0.16891779157570863
window_no,6,60,0.9833333333333333,0.6333333333333333,0.9833333333333333,0.31666666666666665,0.85,0.26666666666666666,0.05,0.55,0.03333333333333333,0.26437488090637573,-0.14065532616596926,0.2217282748882486,-0.14526520944403068,0.17536036135024496
