strategy,F組合,C,CAGR,None基準CAGR,C增益,max_drawdown,win_ratio,daily_sharpe,平均持股數
VOL_qb2of3__CROIC_qb0of3__C11_EPS_DYN_qmax8__v0,VOL_qb2of3__CROIC_qb0of3,C11_EPS_DYN_qmax8,1.291639398073268,0.32339951452437266,0.9682398835488955,-0.384556392027107,0.5365853658536586,34.65,85.55555555555556
VOL_qb2of3__NETDEBT_EBITDA_qb0of3__C4_ROE_DYN_qmax8__v0,VOL_qb2of3__NETDEBT_EBITDA_qb0of3,C4_ROE_DYN_qmax8,1.2872721875777873,0.3067750457478826,0.9804971418299047,-0.24766322977134836,0.5828220858895705,48.51,47.55555555555556
VOL_qb2of3__FCF_P_qb0of3__C11_EPS_DYN_qmax8__v0,VOL_qb2of3__FCF_P_qb0of3,C11_EPS_DYN_qmax8,1.284323390342485,0.32617392728256056,0.9581494630599245,-0.3839910934073607,0.5287128712871287,34.41,85.55555555555556
VOL_qb2of3__FCF_OI_qb0of3__C11_EPS_DYN_qmax8__v0,VOL_qb2of3__FCF_OI_qb0of3,C11_EPS_DYN_qmax8,1.2047314134426057,0.31381289478356145,0.8909185186590443,-0.39013966179365633,0.5121951219512195,36.14,77.14814814814815
VOL_qb2of3__ROIC_qb0of3__C11_EPS_DYN_qmax8__v0,VOL_qb2of3__ROIC_qb0of3,C11_EPS_DYN_qmax8,1.1869932627741524,0.32930729375233425,0.8576859690218182,-0.39920192981689906,0.5315533980582524,27.34,73.79310344827586
VOL_qb2of3__EPS_qb0of3__C11_EPS_DYN_qmax8__v0,VOL_qb2of3__EPS_qb0of3,C11_EPS_DYN_qmax8,1.0991242503058802,0.31319714438941104,0.7859271059164692,-0.39860746672574954,0.5311004784688995,28.98,75.6896551724138
VOL_qb2of3__OCF_E_qb0of3__C11_EPS_DYN_qmax8__v0,VOL_qb2of3__OCF_E_qb0of3,C11_EPS_DYN_qmax8,1.084153511607171,0.2808479357922822,0.8033055758148888,-0.3718754642157518,0.5107632093933464,39.9,86.0
VOL_qb2of3__PB_qb0of3__C11_EPS_DYN_qmax8__v0,VOL_qb2of3__PB_qb0of3,C11_EPS_DYN_qmax8,1.0832481695498082,0.5178146189555792,0.565433550594229,-0.3360077203469707,0.551622418879056,34.29,52.18518518518518
VOL_qb2of3__DEBTRATIO_qb0of3__C4_ROE_DYN_qmax8__v0,VOL_qb2of3__DEBTRATIO_qb0of3,C4_ROE_DYN_qmax8,1.07930649316918,0.2912157668313322,0.7880907263378478,-0.2904167901414628,0.5673758865248227,50.63,43.592592592592595
VOL_qb2of3__ROE_qb0of3__C11_EPS_DYN_qmax8__v0,VOL_qb2of3__ROE_qb0of3,C11_EPS_DYN_qmax8,1.0479636775565462,0.28073743399402407,0.7672262435625221,-0.3951921818949501,0.5228310502283106,29.68,74.44827586206897
VOL_qb2of3__DEBTRATIO_qb0of3__C11_EPS_DYN_qmax8__v0,VOL_qb2of3__DEBTRATIO_qb0of3,C11_EPS_DYN_qmax8,1.0428700656633172,0.2912157668313322,0.751654298831985,-0.29383813029508454,0.5498721227621484,34.09,66.18518518518519
VOL_qb2of3__FCF_OI_qb0of3__C18_FCF_P_DYN_qmax8__v0,VOL_qb2of3__FCF_OI_qb0of3,C18_FCF_P_DYN_qmax8,0.9993131859851412,0.31381289478356145,0.6855002912015797,-0.3101469391313879,0.47115384615384615,44.09,34.925925925925924
VOL_qb2of3__P_IC_qb0of3__C11_EPS_DYN_qmax8__v0,VOL_qb2of3__P_IC_qb0of3,C11_EPS_DYN_qmax8,0.9040148152285992,0.4151214551971951,0.48889336003140405,-0.36721745021556407,0.5421245421245421,33.37,35.964285714285715
VOL_qb2of3__REVENUE_qb0of3__C11_EPS_DYN_qmax8__v0,VOL_qb2of3__REVENUE_qb0of3,C11_EPS_DYN_qmax8,0.892145377784328,0.3644004503645708,0.5277449274197572,-0.3640776699029128,0.5322896281800391,33.93,87.3103448275862
VOL_qb2of3__PB_qb0of3__C12_EPS_DYN_yoy__v0,VOL_qb2of3__PB_qb0of3,C12_EPS_DYN_yoy,0.8920543434275274,0.5178146189555792,0.3742397244719482,-0.3413456757470855,0.5384615384615384,29.38,140.94594594594594
VOL_qb2of3__ACCRUAL_qb0of3__C4_ROE_DYN_qmax8__v0,VOL_qb2of3__ACCRUAL_qb0of3,C4_ROE_DYN_qmax8,0.8779115784971616,0.2805270124492769,0.5973845660478847,-0.3640776699029128,0.5702005730659025,37.14,40.44827586206897
VOL_qb2of3__EV_EBITDA_qb0of3__C11_EPS_DYN_qmax8__v0,VOL_qb2of3__EV_EBITDA_qb0of3,C11_EPS_DYN_qmax8,0.8413690300337269,0.3802593207379903,0.4611097092957366,-0.3640776699029128,0.5397923875432526,35.02,91.06896551724138
VOL_qb2of3__REVENUE_qb0of3__C4_ROE_DYN_qmax8__v0,VOL_qb2of3__REVENUE_qb0of3,C4_ROE_DYN_qmax8,0.8043089320402252,0.3644004503645708,0.43990848167565444,-0.3640776699029128,0.5388739946380697,44.98,50.41379310344828
VOL_qb2of3__CROIC_qb0of3__C18_FCF_P_DYN_qmax8__v0,VOL_qb2of3__CROIC_qb0of3,C18_FCF_P_DYN_qmax8,0.7986086756016915,0.32339951452437266,0.4752091610773188,-0.3735747717770478,0.46122448979591835,55.0,42.0
VOL_qb2of3__MOM_qb0of3__C11_EPS_DYN_qmax8__v0,VOL_qb2of3__MOM_qb0of3,C11_EPS_DYN_qmax8,0.7836907622490779,0.35078379250611724,0.4329069697429606,-0.3685824928296001,0.576271186440678,43.45,56.892857142857146
VOL_qb2of3__OCF_E_qb2of3__C4_ROE_DYN_qmax8__v0,VOL_qb2of3__OCF_E_qb2of3,C4_ROE_DYN_qmax8,0.7804711721272231,0.2799014933148727,0.5005696788123504,-0.297941949788569,0.5555555555555556,50.81,41.535714285714285
VOL_qb2of3__FCF_P_qb0of3__C18_FCF_P_DYN_qmax8__v0,VOL_qb2of3__FCF_P_qb0of3,C18_FCF_P_DYN_qmax8,0.7765150583728877,0.32617392728256056,0.45034113109032714,-0.3763694697623975,0.45901639344262296,57.43,41.407407407407405
VOL_qb2of3__ROIC_qb0of3__C12_EPS_DYN_yoy__v0,VOL_qb2of3__ROIC_qb0of3,C12_EPS_DYN_yoy,0.7615784046572578,0.32930729375233425,0.43227111090492354,-0.3709931812082343,0.5261584454409567,31.42,239.1315789473684
VOL_qb2of3__ROIC_qb0of3__C10_EPS_DYN_qmax4__v0,VOL_qb2of3__ROIC_qb0of3,C10_EPS_DYN_qmax4,0.7480242609491585,0.32930729375233425,0.4187169671968243,-0.39383174792713294,0.5125115848007414,31.02,135.625
VOL_qb2of3__EPS_qb0of3__C12_EPS_DYN_yoy__v0,VOL_qb2of3__EPS_qb0of3,C12_EPS_DYN_yoy,0.744807270597168,0.31319714438941104,0.43161012620775696,-0.36932732430314164,0.5192023633677991,32.1,243.47368421052633
VOL_qb2of3__EPS_qb0of3__C10_EPS_DYN_qmax4__v0,VOL_qb2of3__EPS_qb0of3,C10_EPS_DYN_qmax4,0.7335942170865184,0.31319714438941104,0.42039707269710735,-0.39471813590650695,0.5128676470588235,31.81,137.575
VOL_qb2of3__ACCRUAL_qb2of3__C11_EPS_DYN_qmax8__v0,VOL_qb2of3__ACCRUAL_qb2of3,C11_EPS_DYN_qmax8,0.7303180968532612,0.3579134073645456,0.37240468948871563,-0.3178909887940078,0.5667351129363449,52.5,65.29629629629629
VOL_qb2of3__PB_qb0of3__C18_FCF_P_DYN_qmax8__v0,VOL_qb2of3__PB_qb0of3,C18_FCF_P_DYN_qmax8,0.7187637980571655,0.5178146189555792,0.20094917910158627,-0.2801114550309113,0.48554913294797686,56.96,44.44444444444444
VOL_qb2of3__FCF_OI_qb0of3__C12_EPS_DYN_yoy__v0,VOL_qb2of3__FCF_OI_qb0of3,C12_EPS_DYN_yoy,0.7006631419160572,0.31381289478356145,0.3868502471324957,-0.3646874477992854,0.5266903914590747,32.82,206.68421052631578
VOL_qb2of3__REVENUE_qb0of3__C12_EPS_DYN_yoy__v0,VOL_qb2of3__REVENUE_qb0of3,C12_EPS_DYN_yoy,0.697600853863453,0.3644004503645708,0.33320040349888225,-0.34660427228166046,0.5107665805340224,33.4,230.57894736842104
VOL_qb2of3__ROE_qb2of3__C4_ROE_DYN_qmax8__v0,VOL_qb2of3__ROE_qb2of3,C4_ROE_DYN_qmax8,0.6963137849278975,0.294495321655762,0.40181846327213555,-0.2761332191950552,0.5856481481481481,53.55,52.607142857142854
VOL_qb2of3__MOM_qb0of3__C18_FCF_P_DYN_qmax8__v0,VOL_qb2of3__MOM_qb0of3,C18_FCF_P_DYN_qmax8,0.6954687724662192,0.35078379250611724,0.34468497996010194,-0.2634858480268967,0.5591647331786543,40.59,50.42857142857143
VOL_qb2of3__P_IC_qb0of3__C18_FCF_P_DYN_qmax8__v0,VOL_qb2of3__P_IC_qb0of3,C18_FCF_P_DYN_qmax8,0.693059497815246,0.4151214551971951,0.2779380426180509,-0.27150555820901,0.49830508474576274,47.77,35.785714285714285
VOL_qb2of3__ROE_qb0of3__C12_EPS_DYN_yoy__v0,VOL_qb2of3__ROE_qb0of3,C12_EPS_DYN_yoy,0.6806372790041921,0.28073743399402407,0.39989984501016806,-0.3719324852336521,0.5167173252279635,33.96,223.3421052631579
VOL_qb2of3__FCF_OI_qb0of3__C4_ROE_DYN_qmax8__v0,VOL_qb2of3__FCF_OI_qb0of3,C4_ROE_DYN_qmax8,0.6804728167774152,0.31381289478356145,0.3666599219938538,-0.33946409394119914,0.5276073619631901,47.27,44.925925925925924
VOL_qb2of3__PB_qb0of3__C10_EPS_DYN_qmax4__v0,VOL_qb2of3__PB_qb0of3,C10_EPS_DYN_qmax4,0.678500885161462,0.5178146189555792,0.16068626620588278,-0.33815221882693625,0.5174488567990373,33.77,86.125
VOL_qb2of3__FCF_OI_qb0of3__C10_EPS_DYN_qmax4__v0,VOL_qb2of3__FCF_OI_qb0of3,C10_EPS_DYN_qmax4,0.6641166207200164,0.31381289478356145,0.350303725936455,-0.37020504070919,0.5080500894454383,34.39,122.3
VOL_qb2of3__PB_qb0of3__C3_ROE_DYN_qmax4__v0,VOL_qb2of3__PB_qb0of3,C3_ROE_DYN_qmax4,0.6636382600467765,0.5178146189555792,0.14582364109119728,-0.3035428716176761,0.5240112994350282,36.7,62.125
VOL_qb2of3__FCF_OI_qb0of3__C3_ROE_DYN_qmax4__v0,VOL_qb2of3__FCF_OI_qb0of3,C3_ROE_DYN_qmax4,0.6588060302304546,0.31381289478356145,0.34499313544689314,-0.33475833445495073,0.5173160173160173,34.81,85.325
VOL_qb2of3__EV_EBITDA_qb0of3__C12_EPS_DYN_yoy__v0,VOL_qb2of3__EV_EBITDA_qb0of3,C12_EPS_DYN_yoy,0.6562553418450936,0.3802593207379903,0.2759960211071033,-0.35749861991628884,0.533195020746888,32.77,237.47368421052633
VOL_qb2of3__OCF_E_qb0of3__C18_FCF_P_DYN_qmax8__v0,VOL_qb2of3__OCF_E_qb0of3,C18_FCF_P_DYN_qmax8,0.6560803874081669,0.2808479357922822,0.3752324516158847,-0.3543815296165832,0.444794952681388,71.72,49.2962962962963
VOL_qb2of3__ROIC_qb0of3__C3_ROE_DYN_qmax4__v0,VOL_qb2of3__ROIC_qb0of3,C3_ROE_DYN_qmax4,0.6532095884391895,0.32930729375233425,0.3239022946868553,-0.3549867319761203,0.52026286966046,36.59,93.95
VOL_qb2of3__EPS_qb0of3__C3_ROE_DYN_qmax4__v0,VOL_qb2of3__EPS_qb0of3,C3_ROE_DYN_qmax4,0.652336189759515,0.31319714438941104,0.339139045370104,-0.3605002224325209,0.5210084033613446,36.88,97.55
VOL_qb2of3__ROE_qb0of3__C10_EPS_DYN_qmax4__v0,VOL_qb2of3__ROE_qb0of3,C10_EPS_DYN_qmax4,0.6483035251116638,0.28073743399402407,0.3675660911176397,-0.39293938834316644,0.5004533091568449,34.65,132.65
VOL_qb2of3__ACCRUAL_qb2of3__C12_EPS_DYN_yoy__v0,VOL_qb2of3__ACCRUAL_qb2of3,C12_EPS_DYN_yoy,0.638880493732078,0.3579134073645456,0.2809670863675324,-0.3271970686272747,0.5465793304221251,36.72,143.07894736842104
VOL_qb2of3__MOM_qb0of3__C4_ROE_DYN_qmax8__v0,VOL_qb2of3__MOM_qb0of3,C4_ROE_DYN_qmax8,0.6327775295511902,0.35078379250611724,0.2819937370450729,-0.2701206486221003,0.6076696165191741,47.18,38.464285714285715
VOL_qb2of3__FCF_P_qb0of3__C12_EPS_DYN_yoy__v0,VOL_qb2of3__FCF_P_qb0of3,C12_EPS_DYN_yoy,0.6309302549573037,0.32617392728256056,0.30475632767474314,-0.3827053544949903,0.5224681421864521,30.91,209.02439024390245
VOL_qb2of3__PB_qb0of3__C13_EPS_DYN_ytdavg_gt_lyytdavg__v0,VOL_qb2of3__PB_qb0of3,C13_EPS_DYN_ytdavg_gt_lyytdavg,0.62575921793887,0.5178146189555792,0.10794459898329078,-0.3423795168815278,0.5556978233034571,33.08,142.47222222222223
VOL_qb2of3__EV_S_qb0of3__C11_EPS_DYN_qmax8__v0,VOL_qb2of3__EV_S_qb0of3,C11_EPS_DYN_qmax8,0.6247960836620483,0.39391074614637867,0.23088533751566964,-0.3640776699029128,0.5304568527918782,35.19,51.86206896551724
VOL_qb2of3__P_IC_qb1of3__C11_EPS_DYN_qmax8__v0,VOL_qb2of3__P_IC_qb1of3,C11_EPS_DYN_qmax8,0.6177280470214319,0.3982678858664581,0.2194601611549738,-0.3640776699029128,0.5324324324324324,42.05,50.206896551724135
VOL_qb2of3__ACCRUAL_qb0of3__C11_EPS_DYN_qmax8__v0,VOL_qb2of3__ACCRUAL_qb0of3,C11_EPS_DYN_qmax8,0.6162641704085261,0.2805270124492769,0.3357371579592492,-0.3640776699029128,0.5491803278688525,40.8,62.93103448275862
VOL_qb2of3__CROIC_qb0of3__C12_EPS_DYN_yoy__v0,VOL_qb2of3__CROIC_qb0of3,C12_EPS_DYN_yoy,0.6114092349308475,0.32339951452437266,0.2880097204064749,-0.3814433889521718,0.522960932145305,31.31,209.7560975609756
VOL_qb2of3__PB_qb0of3__C8_EPS_DYN_riseq1__v0,VOL_qb2of3__PB_qb0of3,C8_EPS_DYN_riseq1,0.604980659347979,0.5178146189555792,0.08716604039239972,-0.31895161620604495,0.5040148239654108,27.18,152.86666666666667
VOL_qb2of3__MOM_qb0of3__C10_EPS_DYN_qmax4__v0,VOL_qb2of3__MOM_qb0of3,C10_EPS_DYN_qmax4,0.6021544158766852,0.35078379250611724,0.2513706233705679,-0.33618296991460694,0.5330232558139535,37.37,90.0
VOL_qb2of3__P_IC_qb0of3__C12_EPS_DYN_yoy__v0,VOL_qb2of3__P_IC_qb0of3,C12_EPS_DYN_yoy,0.6005295594425137,0.4151214551971951,0.18540810424531862,-0.32619146040573,0.5638921453692849,32.56,106.6842105263158
VOL_qb2of3__OCF_E_qb0of3__C12_EPS_DYN_yoy__v0,VOL_qb2of3__OCF_E_qb0of3,C12_EPS_DYN_yoy,0.5967931511391948,0.2808479357922822,0.31594521534691267,-0.37394185232294985,0.5051124744376279,37.52,218.18421052631578
VOL_qb2of3__MOM_qb0of3__C3_ROE_DYN_qmax4__v0,VOL_qb2of3__MOM_qb0of3,C3_ROE_DYN_qmax4,0.5931779477930237,0.35078379250611724,0.24239415528690644,-0.305030406259605,0.5497685185185185,41.6,69.425
VOL_qb2of3__PB_qb0of3__C14_EPS_DYN_ytdavg_gt_lyavg__v0,VOL_qb2of3__PB_qb0of3,C14_EPS_DYN_ytdavg_gt_lyavg,0.5903670229856279,0.5178146189555792,0.0725524040300487,-0.34627934909997693,0.5371069182389937,35.21,147.52777777777777
VOL_qb2of3__CROIC_qb0of3__C4_ROE_DYN_qmax8__v0,VOL_qb2of3__CROIC_qb0of3,C4_ROE_DYN_qmax8,0.5884898561642864,0.32339951452437266,0.26509034163991374,-0.34541697015881356,0.5229885057471264,54.39,48.48148148148148
VOL_qb2of3__P_IC_qb1of3__C12_EPS_DYN_yoy__v0,VOL_qb2of3__P_IC_qb1of3,C12_EPS_DYN_yoy,0.5767923927068412,0.3982678858664581,0.17852450684038312,-0.3282205191493891,0.5138490926456543,33.3,123.48780487804878
VOL_qb2of3__FCF_P_qb0of3__C4_ROE_DYN_qmax8__v0,VOL_qb2of3__FCF_P_qb0of3,C4_ROE_DYN_qmax8,0.5753607242991337,0.32617392728256056,0.2491867970165731,-0.34579618290723246,0.5166666666666667,54.49,48.51851851851852
VOL_qb2of3__PB_qb0of3__C19_FCF_P_DYN_yoy__v0,VOL_qb2of3__PB_qb0of3,C19_FCF_P_DYN_yoy,0.5738120839399985,0.5178146189555792,0.055997464984419265,-0.2814392675752354,0.5078431372549019,45.95,131.1081081081081
VOL_qb2of3__REVENUE_qb0of3__C3_ROE_DYN_qmax4__v0,VOL_qb2of3__REVENUE_qb0of3,C3_ROE_DYN_qmax4,0.5698205961231877,0.3644004503645708,0.2054201457586169,-0.307830243373739,0.5223404255319148,37.17,98.84615384615384
VOL_qb2of3__PB_qb0of3__C5_ROE_DYN_yoy__v0,VOL_qb2of3__PB_qb0of3,C5_ROE_DYN_yoy,0.5698123965553441,0.5178146189555792,0.05199777759976487,-0.30813720712362525,0.5339366515837104,37.11,116.52777777777777
VOL_qb2of3__REVENUE_qb0of3__C10_EPS_DYN_qmax4__v0,VOL_qb2of3__REVENUE_qb0of3,C10_EPS_DYN_qmax4,0.5654985350424901,0.3644004503645708,0.20109808467791934,-0.335726848698354,0.5108979947689625,34.06,144.12820512820514
VOL_qb2of3__PB_qb0of3__C1_ROE_DYN_riseq1__v0,VOL_qb2of3__PB_qb0of3,C1_ROE_DYN_riseq1,0.5649599802693615,0.5178146189555792,0.04714536131378222,-0.3202218207349664,0.5108695652173914,28.14,133.62222222222223
VOL_qb2of3__OCF_E_qb0of3__C10_EPS_DYN_qmax4__v0,VOL_qb2of3__OCF_E_qb0of3,C10_EPS_DYN_qmax4,0.5608075392864986,0.2808479357922822,0.27995960349421645,-0.37069438924924425,0.5008250825082509,39.3,134.05
VOL_qb2of3__NETDEBT_EBITDA_qb0of3__C11_EPS_DYN_qmax8__v0,VOL_qb2of3__NETDEBT_EBITDA_qb0of3,C11_EPS_DYN_qmax8,0.5554172491982357,0.3067750457478826,0.24864220345035304,-0.276260697639224,0.5691964285714286,60.79,70.44444444444444
VOL_qb2of3__P_IC_qb0of3__C13_EPS_DYN_ytdavg_gt_lyytdavg__v0,VOL_qb2of3__P_IC_qb0of3,C13_EPS_DYN_ytdavg_gt_lyytdavg,0.5550613179780126,0.4151214551971951,0.1399398627808175,-0.3136010807245191,0.5712270803949224,37.09,109.91666666666667
VOL_qb2of3__ROE_qb0of3__C3_ROE_DYN_qmax4__v0,VOL_qb2of3__ROE_qb0of3,C3_ROE_DYN_qmax4,0.5543154018412622,0.28073743399402407,0.2735779678472381,-0.3644753047208795,0.5080213903743316,41.82,79.45
VOL_qb2of3__P_IC_qb0of3__C10_EPS_DYN_qmax4__v0,VOL_qb2of3__P_IC_qb0of3,C10_EPS_DYN_qmax4,0.5526693530878948,0.4151214551971951,0.13754789789069966,-0.34265157677223523,0.5326842837273992,35.59,66.29268292682927
VOL_qb2of3__DEBTRATIO_qb0of3__C12_EPS_DYN_yoy__v0,VOL_qb2of3__DEBTRATIO_qb0of3,C12_EPS_DYN_yoy,0.5462023732491081,0.2912157668313322,0.25498660641777593,-0.34363156451024757,0.5178389398572885,36.64,170.80555555555554
VOL_qb2of3__REVENUE_qb0of3__C8_EPS_DYN_riseq1__v0,VOL_qb2of3__REVENUE_qb0of3,C8_EPS_DYN_riseq1,0.5454901877998677,0.3644004503645708,0.18108973743529688,-0.32442787107951887,0.5004743833017078,29.33,229.11111111111111
VOL_qb2of3__None__C11_EPS_DYN_qmax8__v0,VOL_qb2of3__None,C11_EPS_DYN_qmax8,0.5356461728551494,0.28239130852834493,0.25325486432680444,-0.4029399699165871,0.5333978702807357,46.29,159.13793103448276
VOL_qb2of3__ROIC_qb0of3__C13_EPS_DYN_ytdavg_gt_lyytdavg__v0,VOL_qb2of3__ROIC_qb0of3,C13_EPS_DYN_ytdavg_gt_lyytdavg,0.5332572759858447,0.32930729375233425,0.20394998223351046,-0.3720243629791772,0.5261194029850746,36.07,257.69444444444446
VOL_qb2of3__P_IC_qb0of3__C9_EPS_DYN_riseq2__v0,VOL_qb2of3__P_IC_qb0of3,C9_EPS_DYN_riseq2,0.5300154710488432,0.4151214551971951,0.11489401585164805,-0.32208832796797293,0.5311355311355311,34.45,121.0
VOL_qb2of3__ROIC_qb0of3__C4_ROE_DYN_qmax8__v0,VOL_qb2of3__ROIC_qb0of3,C4_ROE_DYN_qmax8,0.5269709694228673,0.32930729375233425,0.197663675670533,-0.3766005601194923,0.5491525423728814,42.61,40.10344827586207
VOL_qb2of3__EV_EBITDA_qb0of3__C13_EPS_DYN_ytdavg_gt_lyytdavg__v0,VOL_qb2of3__EV_EBITDA_qb0of3,C13_EPS_DYN_ytdavg_gt_lyytdavg,0.5267063135001155,0.3802593207379903,0.14644699276212525,-0.3626040144134439,0.5276785714285714,36.39,250.13888888888889
VOL_qb2of3__NETDEBT_EBITDA_qb0of3__C18_FCF_P_DYN_qmax8__v0,VOL_qb2of3__NETDEBT_EBITDA_qb0of3,C18_FCF_P_DYN_qmax8,0.5263406968213415,0.3067750457478826,0.21956565107345893,-0.26776999399796997,0.5111111111111111,56.18,44.666666666666664
VOL_qb2of3__FCF_P_qb0of3__C10_EPS_DYN_qmax4__v0,VOL_qb2of3__FCF_P_qb0of3,C10_EPS_DYN_qmax4,0.5262997456906058,0.32617392728256056,0.20012581840804522,-0.3753735896440914,0.515625,32.99,132.29268292682926
VOL_qb2of3__PB_qb0of3__C9_EPS_DYN_riseq2__v0,VOL_qb2of3__PB_qb0of3,C9_EPS_DYN_riseq2,0.52621475232611,0.5178146189555792,0.008400133370530805,-0.32876061387032185,0.5083135391923991,33.47,147.62790697674419
VOL_qb2of3__EPS_qb0of3__C4_ROE_DYN_qmax8__v0,VOL_qb2of3__EPS_qb0of3,C4_ROE_DYN_qmax8,0.5227969940767796,0.31319714438941104,0.20959984968736856,-0.3766005601194923,0.5566037735849056,43.51,43.13793103448276
VOL_qb2of3__EPS_qb0of3__C13_EPS_DYN_ytdavg_gt_lyytdavg__v0,VOL_qb2of3__EPS_qb0of3,C13_EPS_DYN_ytdavg_gt_lyytdavg,0.5227242393428531,0.31319714438941104,0.20952709495344202,-0.36889393064907694,0.5185873605947955,36.64,261.72222222222223
VOL_qb2of3__EV_S_qb0of3__C13_EPS_DYN_ytdavg_gt_lyytdavg__v0,VOL_qb2of3__EV_S_qb0of3,C13_EPS_DYN_ytdavg_gt_lyytdavg,0.5226106683393617,0.39391074614637867,0.12869992219298299,-0.28585959888251655,0.5657418576598311,34.99,144.36111111111111
VOL_qb2of3__DEBTRATIO_qb0of3__C14_EPS_DYN_ytdavg_gt_lyavg__v0,VOL_qb2of3__DEBTRATIO_qb0of3,C14_EPS_DYN_ytdavg_gt_lyavg,0.5183051940335441,0.2912157668313322,0.22708942720221192,-0.33443748369757675,0.528809218950064,38.44,177.52777777777777
VOL_qb2of3__PB_qb0of3__None__v0,VOL_qb2of3__PB_qb0of3,None,0.5178146189555792,0.5178146189555792,0.0,-0.3206504128026345,0.5445440168687401,28.31,307.9791666666667
VOL_qb2of3__REVENUE_qb0of3__C14_EPS_DYN_ytdavg_gt_lyavg__v0,VOL_qb2of3__REVENUE_qb0of3,C14_EPS_DYN_ytdavg_gt_lyavg,0.5172415109566142,0.3644004503645708,0.1528410605920434,-0.35092233623126445,0.5044025157232704,37.63,243.05555555555554
VOL_qb2of3__MOM_qb0of3__C8_EPS_DYN_riseq1__v0,VOL_qb2of3__MOM_qb0of3,C8_EPS_DYN_riseq1,0.5164102699264916,0.35078379250611724,0.1656264774203744,-0.3254495203623692,0.5293845441925035,32.35,160.4
VOL_qb2of3__CROIC_qb0of3__C10_EPS_DYN_qmax4__v0,VOL_qb2of3__CROIC_qb0of3,C10_EPS_DYN_qmax4,0.5158175696452671,0.32339951452437266,0.1924180551208945,-0.37595299381304537,0.5170691090757702,33.49,132.5609756097561
VOL_qb2of3__EV_EBITDA_qb0of3__C10_EPS_DYN_qmax4__v0,VOL_qb2of3__EV_EBITDA_qb0of3,C10_EPS_DYN_qmax4,0.5154405752578946,0.3802593207379903,0.13518125451990426,-0.35448932433485836,0.527027027027027,33.24,147.29268292682926
VOL_qb2of3__EV_S_qb0of3__C8_EPS_DYN_riseq1__v0,VOL_qb2of3__EV_S_qb0of3,C8_EPS_DYN_riseq1,0.5138335502153593,0.39391074614637867,0.11992280406898059,-0.28206027937591893,0.527760449157829,29.85,146.0222222222222
VOL_qb2of3__REVENUE_qb0of3__C13_EPS_DYN_ytdavg_gt_lyytdavg__v0,VOL_qb2of3__REVENUE_qb0of3,C13_EPS_DYN_ytdavg_gt_lyytdavg,0.5133402596987153,0.3644004503645708,0.14893980933414452,-0.35658145637346317,0.5012345679012346,37.69,242.16666666666666
VOL_qb2of3__PS_qb0of3__C12_EPS_DYN_yoy__v0,VOL_qb2of3__PS_qb0of3,C12_EPS_DYN_yoy,0.5115485965391127,0.3433534555412179,0.1681951409978948,-0.2955380577427824,0.5274390243902439,32.97,125.92682926829268
VOL_qb2of3__ROIC_qb0of3__C14_EPS_DYN_ytdavg_gt_lyavg__v0,VOL_qb2of3__ROIC_qb0of3,C14_EPS_DYN_ytdavg_gt_lyavg,0.5099152577015933,0.32930729375233425,0.18060796394925904,-0.3720069271327926,0.5270655270655271,36.83,260.1666666666667
VOL_qb2of3__PB_qb0of3__C4_ROE_DYN_qmax8__v0,VOL_qb2of3__PB_qb0of3,C4_ROE_DYN_qmax8,0.50872988304225,0.5178146189555792,-0.009084735913329256,-0.30640060037725547,0.5486381322957199,52.18,30.962962962962962
VOL_qb2of3__FCF_OI_qb0of3__C14_EPS_DYN_ytdavg_gt_lyavg__v0,VOL_qb2of3__FCF_OI_qb0of3,C14_EPS_DYN_ytdavg_gt_lyavg,0.5074008819651625,0.31381289478356145,0.19358798718160108,-0.3711133172123151,0.5343179843614249,37.69,218.25
VOL_qb2of3__OCF_E_qb0of3__C3_ROE_DYN_qmax4__v0,VOL_qb2of3__OCF_E_qb0of3,C3_ROE_DYN_qmax4,0.5063775937586552,0.2808479357922822,0.22552965796637303,-0.34221801308060484,0.5064102564102564,44.13,88.275
VOL_qb2of3__P_IC_qb1of3__C8_EPS_DYN_riseq1__v0,VOL_qb2of3__P_IC_qb1of3,C8_EPS_DYN_riseq1,0.5059504540644144,0.3982678858664581,0.1076825681979563,-0.3263098509138799,0.494469746258946,31.88,132.64444444444445
VOL_qb2of3__ROIC_qb0of3__C18_FCF_P_DYN_qmax8__v0,VOL_qb2of3__ROIC_qb0of3,C18_FCF_P_DYN_qmax8,0.5054406374270144,0.32930729375233425,0.17613334367468014,-0.3640776699029128,0.48677248677248675,49.62,77.17241379310344
VOL_qb2of3__ROE_qb0of3__C4_ROE_DYN_qmax8__v0,VOL_qb2of3__ROE_qb0of3,C4_ROE_DYN_qmax8,0.5053964813219898,0.28073743399402407,0.2246590473279657,-0.3766005601194923,0.5454545454545454,44.78,31.344827586206897
VOL_qb2of3__EV_EBITDA_qb0of3__C14_EPS_DYN_ytdavg_gt_lyavg__v0,VOL_qb2of3__EV_EBITDA_qb0of3,C14_EPS_DYN_ytdavg_gt_lyavg,0.5005689409601828,0.3802593207379903,0.12030962022219249,-0.36062129280809685,0.5293056807935077,37.87,253.66666666666666
VOL_qb2of3__EPS_qb0of3__C14_EPS_DYN_ytdavg_gt_lyavg__v0,VOL_qb2of3__EPS_qb0of3,C14_EPS_DYN_ytdavg_gt_lyavg,0.49973325405054503,0.31319714438941104,0.186536109661134,-0.36868076086724455,0.5166825548141086,37.41,264.25
VOL_qb2of3__FCF_OI_qb0of3__C13_EPS_DYN_ytdavg_gt_lyytdavg__v0,VOL_qb2of3__FCF_OI_qb0of3,C13_EPS_DYN_ytdavg_gt_lyytdavg,0.49917780776920284,0.31381289478356145,0.1853649129856414,-0.37409479274709423,0.5139712108382727,37.64,217.75
VOL_qb2of3__EV_S_qb0of3__C14_EPS_DYN_ytdavg_gt_lyavg__v0,VOL_qb2of3__EV_S_qb0of3,C14_EPS_DYN_ytdavg_gt_lyavg,0.4985461364328754,0.39391074614637867,0.10463539028649671,-0.2981536526649756,0.5527876631079478,36.44,147.36111111111111
VOL_qb2of3__PB_qb0of3__C6_ROE_DYN_ytdavg_gt_lyytdavg__v0,VOL_qb2of3__PB_qb0of3,C6_ROE_DYN_ytdavg_gt_lyytdavg,0.4969047173913608,0.5178146189555792,-0.020909901564218458,-0.33860479146658884,0.5468975468975469,44.63,113.52777777777777
VOL_qb2of3__FCF_P_qb0of3__C3_ROE_DYN_qmax4__v0,VOL_qb2of3__FCF_P_qb0of3,C3_ROE_DYN_qmax4,0.4966413820399196,0.32617392728256056,0.17046745475735903,-0.3378849701136638,0.5220440881763527,35.54,90.04878048780488
VOL_qb2of3__DEBTRATIO_qb0of3__C13_EPS_DYN_ytdavg_gt_lyytdavg__v0,VOL_qb2of3__DEBTRATIO_qb0of3,C13_EPS_DYN_ytdavg_gt_lyytdavg,0.49481398271451305,0.2912157668313322,0.20359821588318083,-0.3358051289998071,0.5124688279301746,39.93,175.77777777777777
VOL_qb2of3__EV_S_qb0of3__C12_EPS_DYN_yoy__v0,VOL_qb2of3__EV_S_qb0of3,C12_EPS_DYN_yoy,0.493020292636247,0.39391074614637867,0.09910954648986836,-0.2955380577427824,0.5482546201232033,30.88,128.3658536585366
VOL_qb2of3__CROIC_qb0of3__C14_EPS_DYN_ytdavg_gt_lyavg__v0,VOL_qb2of3__CROIC_qb0of3,C14_EPS_DYN_ytdavg_gt_lyavg,0.4922661465544369,0.32339951452437266,0.16886663203006425,-0.38414078818894615,0.5366695427092321,38.83,241.13888888888889
VOL_qb2of3__ACCRUAL_qb2of3__C10_EPS_DYN_qmax4__v0,VOL_qb2of3__ACCRUAL_qb2of3,C10_EPS_DYN_qmax4,0.4916592062706102,0.3579134073645456,0.13374579890606464,-0.31077997934856405,0.5340909090909091,40.22,91.925
VOL_qb2of3__MOM_qb0of3__C1_ROE_DYN_riseq1__v0,VOL_qb2of3__MOM_qb0of3,C1_ROE_DYN_riseq1,0.4911970561095327,0.35078379250611724,0.14041326360341544,-0.31305507376185904,0.5327424913835549,33.47,146.44444444444446
VOL_qb2of3__ROIC_qb0of3__C5_ROE_DYN_yoy__v0,VOL_qb2of3__ROIC_qb0of3,C5_ROE_DYN_yoy,0.49100693604927304,0.32930729375233425,0.16169964229693878,-0.35917365891892583,0.5179127725856698,41.28,198.72222222222223
VOL_qb2of3__REVENUE_qb0of3__C1_ROE_DYN_riseq1__v0,VOL_qb2of3__REVENUE_qb0of3,C1_ROE_DYN_riseq1,0.4908084570222553,0.3644004503645708,0.12640800665768448,-0.32278923685716154,0.49531789058649583,31.02,194.77777777777777
VOL_qb2of3__EPS_qb0of3__C18_FCF_P_DYN_qmax8__v0,VOL_qb2of3__EPS_qb0of3,C18_FCF_P_DYN_qmax8,0.4904891949036909,0.31319714438941104,0.17729205051427988,-0.3640776699029128,0.4853195164075993,50.74,78.93103448275862
VOL_qb2of3__PS_qb0of3__C11_EPS_DYN_qmax8__v0,VOL_qb2of3__PS_qb0of3,C11_EPS_DYN_qmax8,0.4885241123266282,0.3433534555412179,0.1451706567854103,-0.4029399699165871,0.5163043478260869,43.39,47.275862068965516
VOL_qb2of3__CROIC_qb0of3__C13_EPS_DYN_ytdavg_gt_lyytdavg__v0,VOL_qb2of3__CROIC_qb0of3,C13_EPS_DYN_ytdavg_gt_lyytdavg,0.48613972815231477,0.32339951452437266,0.1627402136279421,-0.38813472004241356,0.5117252931323283,38.43,240.13888888888889
VOL_qb2of3__PS_qb0of3__C13_EPS_DYN_ytdavg_gt_lyytdavg__v0,VOL_qb2of3__PS_qb0of3,C13_EPS_DYN_ytdavg_gt_lyytdavg,0.48535443532608125,0.3433534555412179,0.14200097978486337,-0.29907829713770395,0.5269086357947435,36.84,139.97222222222223
VOL_qb2of3__FCF_P_qb0of3__C14_EPS_DYN_ytdavg_gt_lyavg__v0,VOL_qb2of3__FCF_P_qb0of3,C14_EPS_DYN_ytdavg_gt_lyavg,0.4849785569883174,0.32617392728256056,0.15880462970575682,-0.38606734491941086,0.5354131534569984,38.39,240.13888888888889
VOL_qb2of3__FCF_OI_qb0of3__C20_FCF_P_DYN_ytdavg_gt_lyytdavg__v0,VOL_qb2of3__FCF_OI_qb0of3,C20_FCF_P_DYN_ytdavg_gt_lyytdavg,0.4848056482123815,0.31381289478356145,0.17099275342882003,-0.33609907113647897,0.5085085085085085,44.05,166.08333333333334
VOL_qb2of3__EV_S_qb0of3__C9_EPS_DYN_riseq2__v0,VOL_qb2of3__EV_S_qb0of3,C9_EPS_DYN_riseq2,0.4845587246893719,0.39391074614637867,0.09064797854299322,-0.30362162369271006,0.5353218210361067,35.09,144.51162790697674
VOL_qb2of3__P_IC_qb0of3__C14_EPS_DYN_ytdavg_gt_lyavg__v0,VOL_qb2of3__P_IC_qb0of3,C14_EPS_DYN_ytdavg_gt_lyavg,0.4806003225176678,0.4151214551971951,0.0654788673204727,-0.326219983467121,0.5553997194950911,41.92,113.88888888888889
VOL_qb2of3__EV_EBITDA_qb0of3__C18_FCF_P_DYN_qmax8__v0,VOL_qb2of3__EV_EBITDA_qb0of3,C18_FCF_P_DYN_qmax8,0.47956670251805056,0.3802593207379903,0.09930738178006027,-0.3640776699029128,0.4846846846846847,51.23,73.82758620689656
VOL_qb2of3__CROIC_qb0of3__C3_ROE_DYN_qmax4__v0,VOL_qb2of3__CROIC_qb0of3,C3_ROE_DYN_qmax4,0.4791282946139157,0.32339951452437266,0.15572878008954305,-0.33813846460473995,0.5202020202020202,36.19,90.92682926829268
VOL_qb2of3__EV_S_qb0of3__C1_ROE_DYN_riseq1__v0,VOL_qb2of3__EV_S_qb0of3,C1_ROE_DYN_riseq1,0.4785064560447492,0.39391074614637867,0.08459570989837051,-0.2986864973240745,0.5283641160949868,31.09,132.2888888888889
VOL_qb2of3__MOM_qb0of3__C17_FCF_P_DYN_qmax4__v0,VOL_qb2of3__MOM_qb0of3,C17_FCF_P_DYN_qmax4,0.4781690011970072,0.35078379250611724,0.12738520869088998,-0.28419548744112266,0.5160984848484849,42.59,87.15384615384616
VOL_qb2of3__ROE_qb0of3__C13_EPS_DYN_ytdavg_gt_lyytdavg__v0,VOL_qb2of3__ROE_qb0of3,C13_EPS_DYN_ytdavg_gt_lyytdavg,0.47737169413867697,0.28073743399402407,0.1966342601446529,-0.37526572831001637,0.5150684931506849,38.78,239.19444444444446
VOL_qb2of3__EPS_qb0of3__C5_ROE_DYN_yoy__v0,VOL_qb2of3__EPS_qb0of3,C5_ROE_DYN_yoy,0.4763222684185968,0.31319714438941104,0.16312512402918578,-0.35850045779488704,0.5138036809815951,42.28,204.25
VOL_qb2of3__FCF_P_qb0of3__C13_EPS_DYN_ytdavg_gt_lyytdavg__v0,VOL_qb2of3__FCF_P_qb0of3,C13_EPS_DYN_ytdavg_gt_lyytdavg,0.4723063703511816,0.32617392728256056,0.14613244306862105,-0.390095140701205,0.5110746513535686,38.13,239.08333333333334
VOL_qb2of3__P_IC_qb0of3__C17_FCF_P_DYN_qmax4__v0,VOL_qb2of3__P_IC_qb0of3,C17_FCF_P_DYN_qmax4,0.47154052623147447,0.4151214551971951,0.056419071034279344,-0.30900029599876855,0.4928977272727273,40.23,62.02564102564103
VOL_qb2of3__DEBTRATIO_qb0of3__C1_ROE_DYN_riseq1__v0,VOL_qb2of3__DEBTRATIO_qb0of3,C1_ROE_DYN_riseq1,0.4713258194869494,0.2912157668313322,0.1801100526556172,-0.3134246903809833,0.5145631067961165,32.01,143.88888888888889
VOL_qb2of3__FCF_OI_qb0of3__C19_FCF_P_DYN_yoy__v0,VOL_qb2of3__FCF_OI_qb0of3,C19_FCF_P_DYN_yoy,0.46812410478655786,0.31381289478356145,0.1543112100029964,-0.3341912119762511,0.4582560296846011,43.06,162.47222222222223
VOL_qb2of3__DEBTRATIO_qb0of3__C8_EPS_DYN_riseq1__v0,VOL_qb2of3__DEBTRATIO_qb0of3,C8_EPS_DYN_riseq1,0.46752627406394365,0.2912157668313322,0.17631050723261144,-0.3171590492866033,0.5171126322339763,31.94,160.22222222222223
VOL_qb2of3__FCF_OI_qb0of3__C5_ROE_DYN_yoy__v0,VOL_qb2of3__FCF_OI_qb0of3,C5_ROE_DYN_yoy,0.4671940880393617,0.31381289478356145,0.15338119325580024,-0.3559985688833023,0.5164319248826291,42.26,170.08333333333334
VOL_qb2of3__MOM_qb0of3__C12_EPS_DYN_yoy__v0,VOL_qb2of3__MOM_qb0of3,C12_EPS_DYN_yoy,0.46677677587958355,0.35078379250611724,0.11599298337346631,-0.3310545825815414,0.5497808390732624,39.04,162.38888888888889
VOL_qb2of3__PB_qb0of3__C7_ROE_DYN_ytdavg_gt_lyavg__v0,VOL_qb2of3__PB_qb0of3,C7_ROE_DYN_ytdavg_gt_lyavg,0.46607260871328915,0.5178146189555792,-0.05174201024229008,-0.34722256601401713,0.5292439372325249,44.35,117.83333333333333
VOL_qb2of3__OCF_E_qb0of3__C4_ROE_DYN_qmax8__v0,VOL_qb2of3__OCF_E_qb0of3,C4_ROE_DYN_qmax8,0.46510255911907716,0.2808479357922822,0.184254623326795,-0.3346438562005817,0.5137614678899083,65.58,44.7037037037037
VOL_qb2of3__PS_qb0of3__C18_FCF_P_DYN_qmax8__v0,VOL_qb2of3__PS_qb0of3,C18_FCF_P_DYN_qmax8,0.46434766143429074,0.3433534555412179,0.12099420589307286,-0.4029399699165871,0.5012987012987012,49.44,45.758620689655174
VOL_qb2of3__ROIC_qb0of3__C8_EPS_DYN_riseq1__v0,VOL_qb2of3__ROIC_qb0of3,C8_EPS_DYN_riseq1,0.4633988907350193,0.32930729375233425,0.13409159698268502,-0.3607262950866319,0.5064991334488734,28.63,241.34782608695653
VOL_qb2of3__P_IC_qb1of3__C13_EPS_DYN_ytdavg_gt_lyytdavg__v0,VOL_qb2of3__P_IC_qb1of3,C13_EPS_DYN_ytdavg_gt_lyytdavg,0.46268906625700557,0.3982678858664581,0.06442118039054745,-0.3525901480574054,0.5213675213675214,38.53,140.72222222222223
VOL_qb2of3__ACCRUAL_qb2of3__C13_EPS_DYN_ytdavg_gt_lyytdavg__v0,VOL_qb2of3__ACCRUAL_qb2of3,C13_EPS_DYN_ytdavg_gt_lyytdavg,0.4616323398399256,0.3579134073645456,0.10371893247538,-0.3206911947395388,0.5505171042163882,42.51,141.77777777777777
VOL_qb2of3__FCF_P_qb0of3__C8_EPS_DYN_riseq1__v0,VOL_qb2of3__FCF_P_qb0of3,C8_EPS_DYN_riseq1,0.4611015871241695,0.32617392728256056,0.13492765984160893,-0.3634459178152015,0.508939708939709,30.07,229.8913043478261
VOL_qb2of3__EV_EBITDA_qb0of3__C8_EPS_DYN_riseq1__v0,VOL_qb2of3__EV_EBITDA_qb0of3,C8_EPS_DYN_riseq1,0.4576247458226994,0.3802593207379903,0.07736542508470912,-0.3362836661367561,0.5112107623318386,29.42,243.95652173913044
VOL_qb2of3__REVENUE_qb0of3__C5_ROE_DYN_yoy__v0,VOL_qb2of3__REVENUE_qb0of3,C5_ROE_DYN_yoy,0.4568779184951026,0.3644004503645708,0.09247746813053181,-0.34464453801704575,0.495897903372835,43.53,188.16666666666666
VOL_qb2of3__ROE_qb0of3__C18_FCF_P_DYN_qmax8__v0,VOL_qb2of3__ROE_qb0of3,C18_FCF_P_DYN_qmax8,0.45674260661218313,0.28073743399402407,0.17600517261815907,-0.3640776699029128,0.4782608695652174,52.5,73.86206896551724
VOL_qb2of3__EPS_qb0of3__C8_EPS_DYN_riseq1__v0,VOL_qb2of3__EPS_qb0of3,C8_EPS_DYN_riseq1,0.45641482527637667,0.31319714438941104,0.14321768088696563,-0.36156260122129025,0.5002150537634409,29.13,244.8913043478261
VOL_qb2of3__P_IC_qb1of3__C1_ROE_DYN_riseq1__v0,VOL_qb2of3__P_IC_qb1of3,C1_ROE_DYN_riseq1,0.45330058115252236,0.3982678858664581,0.05503269528606425,-0.3237256150946365,0.48514851485148514,34.03,116.2
VOL_qb2of3__EV_S_qb0of3__C18_FCF_P_DYN_qmax8__v0,VOL_qb2of3__EV_S_qb0of3,C18_FCF_P_DYN_qmax8,0.45214659447402306,0.39391074614637867,0.05823584832764439,-0.3756713907567134,0.5053475935828877,48.3,44.03448275862069
VOL_qb2of3__None__C4_ROE_DYN_qmax8__v0,VOL_qb2of3__None,C4_ROE_DYN_qmax8,0.45124211756879995,0.28239130852834493,0.16885080904045502,-0.4029399699165871,0.5364916773367477,57.03,103.0
VOL_qb2of3__EV_EBITDA_qb0of3__C6_ROE_DYN_ytdavg_gt_lyytdavg__v0,VOL_qb2of3__EV_EBITDA_qb0of3,C6_ROE_DYN_ytdavg_gt_lyytdavg,0.4505551092894866,0.3802593207379903,0.07029578855149632,-0.35104418023450334,0.5248091603053435,45.79,190.0
VOL_qb2of3__REVENUE_qb0of3__C18_FCF_P_DYN_qmax8__v0,VOL_qb2of3__REVENUE_qb0of3,C18_FCF_P_DYN_qmax8,0.45043222257678783,0.3644004503645708,0.08603177221221703,-0.3640776699029128,0.47555555555555556,53.6,64.58620689655173
VOL_qb2of3__PB_qb0of3__C2_ROE_DYN_riseq2__v0,VOL_qb2of3__PB_qb0of3,C2_ROE_DYN_riseq2,0.44945452322831403,0.5178146189555792,-0.0683600957272652,-0.3233956150966286,0.5076013513513513,36.42,128.57142857142858
VOL_qb2of3__P_IC_qb1of3__C14_EPS_DYN_ytdavg_gt_lyavg__v0,VOL_qb2of3__P_IC_qb1of3,C14_EPS_DYN_ytdavg_gt_lyavg,0.4482414747702337,0.3982678858664581,0.04997358890377557,-0.346521124324195,0.5026910656620022,38.63,139.94444444444446
VOL_qb2of3__ROE_qb0of3__C14_EPS_DYN_ytdavg_gt_lyavg__v0,VOL_qb2of3__ROE_qb0of3,C14_EPS_DYN_ytdavg_gt_lyavg,0.44794177735273166,0.28073743399402407,0.1672043433587076,-0.37381453345877924,0.5104261106074343,39.87,244.63888888888889
VOL_qb2of3__CROIC_qb0of3__C8_EPS_DYN_riseq1__v0,VOL_qb2of3__CROIC_qb0of3,C8_EPS_DYN_riseq1,0.4467305268071724,0.32339951452437266,0.12333101228279975,-0.3623907506253522,0.5089620675281368,30.21,231.45652173913044
VOL_qb2of3__FCF_P_qb0of3__C20_FCF_P_DYN_ytdavg_gt_lyytdavg__v0,VOL_qb2of3__FCF_P_qb0of3,C20_FCF_P_DYN_ytdavg_gt_lyytdavg,0.44607774835727687,0.32617392728256056,0.11990382107471631,-0.35360159001018565,0.4897360703812317,48.07,184.77777777777777
VOL_qb2of3__PS_qb0of3__C14_EPS_DYN_ytdavg_gt_lyavg__v0,VOL_qb2of3__PS_qb0of3,C14_EPS_DYN_ytdavg_gt_lyavg,0.4457562796848058,0.3433534555412179,0.10240282414358792,-0.3073348665774084,0.5181598062953995,39.08,144.02777777777777
VOL_qb2of3__CROIC_qb0of3__C20_FCF_P_DYN_ytdavg_gt_lyytdavg__v0,VOL_qb2of3__CROIC_qb0of3,C20_FCF_P_DYN_ytdavg_gt_lyytdavg,0.44517750112755694,0.32339951452437266,0.12177798660318429,-0.3511127926124754,0.5,48.43,185.19444444444446
VOL_qb2of3__ACCRUAL_qb2of3__C14_EPS_DYN_ytdavg_gt_lyavg__v0,VOL_qb2of3__ACCRUAL_qb2of3,C14_EPS_DYN_ytdavg_gt_lyavg,0.4429562929380899,0.3579134073645456,0.08504288557354434,-0.32423573753486856,0.5455974842767296,44.47,143.69444444444446
VOL_qb2of3__ROE_qb2of3__C14_EPS_DYN_ytdavg_gt_lyavg__v0,VOL_qb2of3__ROE_qb2of3,C14_EPS_DYN_ytdavg_gt_lyavg,0.44261880810373544,0.294495321655762,0.14812348644797346,-0.2788246689678271,0.5473465140478668,46.05,128.08333333333334
VOL_qb2of3__FCF_P_qb0of3__C1_ROE_DYN_riseq1__v0,VOL_qb2of3__FCF_P_qb0of3,C1_ROE_DYN_riseq1,0.4424890900109659,0.32617392728256056,0.11631516272840536,-0.3488351872987937,0.5058214747736093,30.93,197.2826086956522
VOL_qb2of3__ACCRUAL_qb2of3__C8_EPS_DYN_riseq1__v0,VOL_qb2of3__ACCRUAL_qb2of3,C8_EPS_DYN_riseq1,0.44204213803957293,0.3579134073645456,0.08412873067502735,-0.32253908716638413,0.5366233766233767,35.63,148.53333333333333
VOL_qb2of3__FCF_OI_qb0of3__C8_EPS_DYN_riseq1__v0,VOL_qb2of3__FCF_OI_qb0of3,C8_EPS_DYN_riseq1,0.43944464025921315,0.31381289478356145,0.1256317454756517,-0.3571020571846978,0.5060783430886988,29.68,209.0
VOL_qb2of3__ROE_qb2of3__C13_EPS_DYN_ytdavg_gt_lyytdavg__v0,VOL_qb2of3__ROE_qb2of3,C13_EPS_DYN_ytdavg_gt_lyytdavg,0.43934577376662154,0.294495321655762,0.14485045211085956,-0.27264339492378853,0.558792924037461,46.38,129.75
VOL_qb2of3__ROIC_qb0of3__C6_ROE_DYN_ytdavg_gt_lyytdavg__v0,VOL_qb2of3__ROIC_qb0of3,C6_ROE_DYN_ytdavg_gt_lyytdavg,0.43752867522631367,0.32930729375233425,0.10822138147397942,-0.3692593211825884,0.5173076923076924,47.13,197.27777777777777
VOL_qb2of3__FCF_OI_qb0of3__C1_ROE_DYN_riseq1__v0,VOL_qb2of3__FCF_OI_qb0of3,C1_ROE_DYN_riseq1,0.4362363731769101,0.31381289478356145,0.12242347839334866,-0.34759992617936564,0.5006934812760055,29.97,183.02173913043478
VOL_qb2of3__EV_S_qb0of3__C7_ROE_DYN_ytdavg_gt_lyavg__v0,VOL_qb2of3__EV_S_qb0of3,C7_ROE_DYN_ytdavg_gt_lyavg,0.4336177997928239,0.39391074614637867,0.03970705364644522,-0.3246522496310573,0.5461638491547465,43.99,124.08333333333333
VOL_qb2of3__REVENUE_qb0of3__C6_ROE_DYN_ytdavg_gt_lyytdavg__v0,VOL_qb2of3__REVENUE_qb0of3,C6_ROE_DYN_ytdavg_gt_lyytdavg,0.4329640177183425,0.3644004503645708,0.06856356735377167,-0.3458572221791335,0.4870801033591731,47.41,184.11111111111111
VOL_qb2of3__DEBTRATIO_qb0of3__C5_ROE_DYN_yoy__v0,VOL_qb2of3__DEBTRATIO_qb0of3,C5_ROE_DYN_yoy,0.43202002476521595,0.2912157668313322,0.14080425793388374,-0.3510650158573638,0.5038419319429198,48.04,141.30555555555554
VOL_qb2of3__None__C12_EPS_DYN_yoy__v0,VOL_qb2of3__None,C12_EPS_DYN_yoy,0.43021085074164667,0.28239130852834493,0.14781954221330174,-0.32527906173162635,0.5223577235772358,40.35,386.6829268292683
VOL_qb2of3__DEBTRATIO_qb0of3__C7_ROE_DYN_ytdavg_gt_lyavg__v0,VOL_qb2of3__DEBTRATIO_qb0of3,C7_ROE_DYN_ytdavg_gt_lyavg,0.42910867392148244,0.2912157668313322,0.13789290709015023,-0.3360175431268585,0.5095890410958904,48.45,143.63888888888889
VOL_qb2of3__EV_EBITDA_qb0of3__C7_ROE_DYN_ytdavg_gt_lyavg__v0,VOL_qb2of3__EV_EBITDA_qb0of3,C7_ROE_DYN_ytdavg_gt_lyavg,0.42739280831811444,0.3802593207379903,0.047133487580124145,-0.3626988188023754,0.5125815470643057,47.68,195.22222222222223
VOL_qb2of3__EV_EBITDA_qb0of3__C3_ROE_DYN_qmax4__v0,VOL_qb2of3__EV_EBITDA_qb0of3,C3_ROE_DYN_qmax4,0.4264869486535592,0.3802593207379903,0.04622762791556889,-0.31673183473980426,0.5405651777575206,37.6,104.475
VOL_qb2of3__DEBTRATIO_qb0of3__C10_EPS_DYN_qmax4__v0,VOL_qb2of3__DEBTRATIO_qb0of3,C10_EPS_DYN_qmax4,0.4262338039367921,0.2912157668313322,0.1350180371054599,-0.31570311491593284,0.5145518044237486,36.15,99.61538461538461
VOL_qb2of3__REVENUE_qb0of3__C7_ROE_DYN_ytdavg_gt_lyavg__v0,VOL_qb2of3__REVENUE_qb0of3,C7_ROE_DYN_ytdavg_gt_lyavg,0.4258223524063951,0.3644004503645708,0.061421902041824294,-0.35001159016776384,0.4901185770750988,47.97,186.75
VOL_qb2of3__OCF_E_qb0of3__C13_EPS_DYN_ytdavg_gt_lyytdavg__v0,VOL_qb2of3__OCF_E_qb0of3,C13_EPS_DYN_ytdavg_gt_lyytdavg,0.424296200090446,0.2808479357922822,0.14344826429816382,-0.3791342287404025,0.49308380797396256,42.27,231.80555555555554
VOL_qb2of3__NETDEBT_EBITDA_qb0of3__C14_EPS_DYN_ytdavg_gt_lyavg__v0,VOL_qb2of3__NETDEBT_EBITDA_qb0of3,C14_EPS_DYN_ytdavg_gt_lyavg,0.42402315651643097,0.3067750457478826,0.11724811076854835,-0.3013646752727901,0.5111386138613861,41.84,175.22222222222223
VOL_qb2of3__EV_S_qb0of3__C17_FCF_P_DYN_qmax4__v0,VOL_qb2of3__EV_S_qb0of3,C17_FCF_P_DYN_qmax4,0.4238512660067013,0.39391074614637867,0.029940519860322645,-0.28263919158619255,0.5105633802816901,43.96,77.25641025641026
VOL_qb2of3__EV_EBITDA_qb0of3__C20_FCF_P_DYN_ytdavg_gt_lyytdavg__v0,VOL_qb2of3__EV_EBITDA_qb0of3,C20_FCF_P_DYN_ytdavg_gt_lyytdavg,0.4237546131212513,0.3802593207379903,0.043495292383261,-0.31786218957351087,0.5313014827018122,46.47,229.83333333333334
VOL_qb2of3__EPS_qb0of3__C6_ROE_DYN_ytdavg_gt_lyytdavg__v0,VOL_qb2of3__EPS_qb0of3,C6_ROE_DYN_ytdavg_gt_lyytdavg,0.42343375631563784,0.31319714438941104,0.1102366119262268,-0.36779964470493665,0.5148042024832856,48.45,202.30555555555554
VOL_qb2of3__EV_EBITDA_qb0of3__C1_ROE_DYN_riseq1__v0,VOL_qb2of3__EV_EBITDA_qb0of3,C1_ROE_DYN_riseq1,0.42103459370649454,0.3802593207379903,0.04077527296850425,-0.33185772835167726,0.5103769589157137,30.7,208.7826086956522
VOL_qb2of3__NETDEBT_EBITDA_qb0of3__C8_EPS_DYN_riseq1__v0,VOL_qb2of3__NETDEBT_EBITDA_qb0of3,C8_EPS_DYN_riseq1,0.42032256963344206,0.3067750457478826,0.11354752388555944,-0.28373087839081035,0.5254445125689761,34.55,157.13333333333333
VOL_qb2of3__OCF_E_qb0of3__C14_EPS_DYN_ytdavg_gt_lyavg__v0,VOL_qb2of3__OCF_E_qb0of3,C14_EPS_DYN_ytdavg_gt_lyavg,0.419128508973061,0.2808479357922822,0.1382805731807788,-0.37502117102333266,0.5041118421052632,42.59,234.97222222222223
VOL_qb2of3__ROE_qb0of3__C8_EPS_DYN_riseq1__v0,VOL_qb2of3__ROE_qb0of3,C8_EPS_DYN_riseq1,0.41912480565325927,0.28073743399402407,0.1383873716592352,-0.35553020052898165,0.49757602468047596,30.26,231.08695652173913
VOL_qb2of3__NETDEBT_EBITDA_qb0of3__C1_ROE_DYN_riseq1__v0,VOL_qb2of3__NETDEBT_EBITDA_qb0of3,C1_ROE_DYN_riseq1,0.41899251772582535,0.3067750457478826,0.11221747197794274,-0.29265922267579303,0.524506683640993,34.28,139.95555555555555
VOL_qb2of3__CROIC_qb0of3__C1_ROE_DYN_riseq1__v0,VOL_qb2of3__CROIC_qb0of3,C1_ROE_DYN_riseq1,0.4187358547816906,0.32339951452437266,0.09533634025731796,-0.34741853927783783,0.5021514629948365,31.61,199.1086956521739
VOL_qb2of3__NETDEBT_EBITDA_qb0of3__C13_EPS_DYN_ytdavg_gt_lyytdavg__v0,VOL_qb2of3__NETDEBT_EBITDA_qb0of3,C13_EPS_DYN_ytdavg_gt_lyytdavg,0.4176234231399598,0.3067750457478826,0.1108483773920772,-0.295238552150869,0.511002444987775,42.69,175.30555555555554
VOL_qb2of3__PS_qb0of3__C8_EPS_DYN_riseq1__v0,VOL_qb2of3__PS_qb0of3,C8_EPS_DYN_riseq1,0.41616329472308466,0.3433534555412179,0.07280983918186679,-0.29558424255936444,0.5149481391092129,35.3,150.3111111111111
VOL_qb2of3__ROIC_qb0of3__C7_ROE_DYN_ytdavg_gt_lyavg__v0,VOL_qb2of3__ROIC_qb0of3,C7_ROE_DYN_ytdavg_gt_lyavg,0.41605990889115896,0.32930729375233425,0.0867526151388247,-0.38117827302708096,0.502906976744186,48.61,202.69444444444446
VOL_qb2of3__EV_S_qb0of3__C10_EPS_DYN_qmax4__v0,VOL_qb2of3__EV_S_qb0of3,C10_EPS_DYN_qmax4,0.4153044691078571,0.39391074614637867,0.021393722961478456,-0.30234011932929616,0.5224043715846994,37.17,85.63414634146342
VOL_qb2of3__P_IC_qb0of3__None__v0,VOL_qb2of3__P_IC_qb0of3,None,0.4151214551971951,0.4151214551971951,0.0,-0.30974257057125154,0.5572109654350417,35.33,251.85416666666666
VOL_qb2of3__ROIC_qb0of3__C1_ROE_DYN_riseq1__v0,VOL_qb2of3__ROIC_qb0of3,C1_ROE_DYN_riseq1,0.4140767368373002,0.32930729375233425,0.08476944308496592,-0.3558710167730309,0.5002211410880142,30.74,211.0
VOL_qb2of3__FCF_P_qb0of3__C19_FCF_P_DYN_yoy__v0,VOL_qb2of3__FCF_P_qb0of3,C19_FCF_P_DYN_yoy,0.41355609474414967,0.32617392728256056,0.08738216746158911,-0.3615473626004776,0.44928825622775803,49.42,181.16666666666666
VOL_qb2of3__OCF_E_qb0of3__C8_EPS_DYN_riseq1__v0,VOL_qb2of3__OCF_E_qb0of3,C8_EPS_DYN_riseq1,0.4120431749692768,0.2808479357922822,0.1311952391769946,-0.3606325914965085,0.4978595890410959,32.57,222.19565217391303
VOL_qb2of3__MOM_qb0of3__C14_EPS_DYN_ytdavg_gt_lyavg__v0,VOL_qb2of3__MOM_qb0of3,C14_EPS_DYN_ytdavg_gt_lyavg,0.411417890151502,0.35078379250611724,0.060634097645384744,-0.32303254161767425,0.5613924050632911,44.54,168.41666666666666
VOL_qb2of3__P_IC_qb0of3__C19_FCF_P_DYN_yoy__v0,VOL_qb2of3__P_IC_qb0of3,C19_FCF_P_DYN_yoy,0.40970287217753043,0.4151214551971951,-0.005418583019664691,-0.28162254678104803,0.5241301907968574,42.57,107.13157894736842
VOL_qb2of3__MOM_qb0of3__C13_EPS_DYN_ytdavg_gt_lyytdavg__v0,VOL_qb2of3__MOM_qb0of3,C13_EPS_DYN_ytdavg_gt_lyytdavg,0.4093873237087482,0.35078379250611724,0.058603531202630954,-0.33024625606223257,0.5605381165919282,43.15,167.22222222222223
VOL_qb2of3__EPS_qb0of3__C1_ROE_DYN_riseq1__v0,VOL_qb2of3__EPS_qb0of3,C1_ROE_DYN_riseq1,0.4092229597265542,0.31319714438941104,0.09602581533714316,-0.35515922748463225,0.49501948895625814,31.41,216.1086956521739
VOL_qb2of3__ACCRUAL_qb2of3__C4_ROE_DYN_qmax8__v0,VOL_qb2of3__ACCRUAL_qb2of3,C4_ROE_DYN_qmax8,0.408853128890585,0.3579134073645456,0.05093972152603943,-0.34015773243484326,0.562874251497006,86.95,43.0
VOL_qb2of3__OCF_E_qb2of3__C11_EPS_DYN_qmax8__v0,VOL_qb2of3__OCF_E_qb2of3,C11_EPS_DYN_qmax8,0.40883672642514246,0.2799014933148727,0.12893523311026978,-0.2907366373753739,0.5576036866359447,59.91,52.964285714285715
VOL_qb2of3__OCF_E_qb2of3__C13_EPS_DYN_ytdavg_gt_lyytdavg__v0,VOL_qb2of3__OCF_E_qb2of3,C13_EPS_DYN_ytdavg_gt_lyytdavg,0.40876359296690024,0.2799014933148727,0.12886209965202755,-0.2970839920227173,0.5451263537906137,47.68,127.91666666666667
VOL_qb2of3__DEBTRATIO_qb0of3__C6_ROE_DYN_ytdavg_gt_lyytdavg__v0,VOL_qb2of3__DEBTRATIO_qb0of3,C6_ROE_DYN_ytdavg_gt_lyytdavg,0.4085539226273269,0.2912157668313322,0.11733815579599471,-0.33236508404545884,0.50472334682861,51.5,141.80555555555554
VOL_qb2of3__EV_S_qb0of3__C2_ROE_DYN_riseq2__v0,VOL_qb2of3__EV_S_qb0of3,C2_ROE_DYN_riseq2,0.4084071489508936,0.39391074614637867,0.014496402804514918,-0.30755231477198597,0.5329489291598023,41.27,131.0
VOL_qb2of3__EV_S_qb0of3__C16_FCF_P_DYN_riseq2__v0,VOL_qb2of3__EV_S_qb0of3,C16_FCF_P_DYN_riseq2,0.4082651433811031,0.39391074614637867,0.014354397234724425,-0.2885265325263848,0.5312259059367772,38.87,145.02380952380952
VOL_qb2of3__P_IC_qb0of3__C8_EPS_DYN_riseq1__v0,VOL_qb2of3__P_IC_qb0of3,C8_EPS_DYN_riseq1,0.40801765509277255,0.4151214551971951,-0.007103800104422575,-0.32059545648515164,0.5202312138728323,32.64,122.23913043478261
VOL_qb2of3__P_IC_qb1of3__C4_ROE_DYN_qmax8__v0,VOL_qb2of3__P_IC_qb1of3,C4_ROE_DYN_qmax8,0.4073423041301232,0.3982678858664581,0.009074418263665063,-0.3640776699029128,0.5173745173745173,53.79,30.17241379310345
VOL_qb2of3__None__C13_EPS_DYN_ytdavg_gt_lyytdavg__v0,VOL_qb2of3__None,C13_EPS_DYN_ytdavg_gt_lyytdavg,0.40688388926387065,0.28239130852834493,0.12449258073552572,-0.32611147665288076,0.518921721099015,46.49,441.77777777777777
VOL_qb2of3__PB_qb0of3__C20_FCF_P_DYN_ytdavg_gt_lyytdavg__v0,VOL_qb2of3__PB_qb0of3,C20_FCF_P_DYN_ytdavg_gt_lyytdavg,0.4067227656134309,0.5178146189555792,-0.11109185334214833,-0.2697964568146024,0.5437956204379562,49.3,130.58333333333334
VOL_qb2of3__EPS_qb0of3__C7_ROE_DYN_ytdavg_gt_lyavg__v0,VOL_qb2of3__EPS_qb0of3,C7_ROE_DYN_ytdavg_gt_lyavg,0.4060676494923747,0.31319714438941104,0.09287050510296369,-0.37902080430829976,0.5,49.59,208.05555555555554
VOL_qb2of3__CROIC_qb0of3__C19_FCF_P_DYN_yoy__v0,VOL_qb2of3__CROIC_qb0of3,C19_FCF_P_DYN_yoy,0.4053887117458015,0.32339951452437266,0.08198919722142883,-0.3599069916919,0.4527452745274527,50.21,182.05555555555554
VOL_qb2of3__REVENUE_qb0of3__C20_FCF_P_DYN_ytdavg_gt_lyytdavg__v0,VOL_qb2of3__REVENUE_qb0of3,C20_FCF_P_DYN_ytdavg_gt_lyytdavg,0.40495226973986576,0.3644004503645708,0.04055181937529495,-0.3186361804594007,0.4803337306317044,45.41,213.19444444444446
VOL_qb2of3__ACCRUAL_qb0of3__C12_EPS_DYN_yoy__v0,VOL_qb2of3__ACCRUAL_qb0of3,C12_EPS_DYN_yoy,0.404689293885411,0.2805270124492769,0.12416228143613406,-0.33590469795814326,0.5225048923679061,43.24,175.05263157894737
VOL_qb2of3__EV_S_qb0of3__C6_ROE_DYN_ytdavg_gt_lyytdavg__v0,VOL_qb2of3__EV_S_qb0of3,C6_ROE_DYN_ytdavg_gt_lyytdavg,0.40254274035664883,0.39391074614637867,0.008631994210270166,-0.3166550406590909,0.5495978552278821,47.18,120.25
VOL_qb2of3__ROIC_qb0of3__C20_FCF_P_DYN_ytdavg_gt_lyytdavg__v0,VOL_qb2of3__ROIC_qb0of3,C20_FCF_P_DYN_ytdavg_gt_lyytdavg,0.4024019214938026,0.32930729375233425,0.07309462774146835,-0.33407900000137003,0.4948371723590151,48.57,254.08333333333334
VOL_qb2of3__P_IC_qb1of3__C16_FCF_P_DYN_riseq2__v0,VOL_qb2of3__P_IC_qb1of3,C16_FCF_P_DYN_riseq2,0.4021644593695657,0.3982678858664581,0.00389657350310757,-0.30961485599762717,0.49959316517493896,38.36,124.07142857142857
VOL_qb2of3__ROE_qb2of3__C6_ROE_DYN_ytdavg_gt_lyytdavg__v0,VOL_qb2of3__ROE_qb2of3,C6_ROE_DYN_ytdavg_gt_lyytdavg,0.40200124732648823,0.294495321655762,0.10750592567072625,-0.2819842348583518,0.5526613816534541,50.11,114.80555555555556
VOL_qb2of3__ROE_qb0of3__C5_ROE_DYN_yoy__v0,VOL_qb2of3__ROE_qb0of3,C5_ROE_DYN_yoy,0.39928580823554616,0.28073743399402407,0.11854837424152209,-0.3726690163413914,0.4982698961937716,48.34,172.30555555555554
VOL_qb2of3__P_IC_qb1of3__None__v0,VOL_qb2of3__P_IC_qb1of3,None,0.3982678858664581,0.3982678858664581,0.0,-0.3248832136951568,0.5070360598065083,32.03,276.2291666666667
VOL_qb2of3__CROIC_qb0of3__C7_ROE_DYN_ytdavg_gt_lyavg__v0,VOL_qb2of3__CROIC_qb0of3,C7_ROE_DYN_ytdavg_gt_lyavg,0.3974288136375925,0.32339951452437266,0.07402929911321987,-0.38129812546327435,0.5242990654205607,50.04,183.22222222222223
VOL_qb2of3__ACCRUAL_qb2of3__C1_ROE_DYN_riseq1__v0,VOL_qb2of3__ACCRUAL_qb2of3,C1_ROE_DYN_riseq1,0.39740079376026527,0.3579134073645456,0.03948738639571969,-0.32242805222028237,0.5343554798409994,37.95,131.24444444444444
VOL_qb2of3__CROIC_qb0of3__C6_ROE_DYN_ytdavg_gt_lyytdavg__v0,VOL_qb2of3__CROIC_qb0of3,C6_ROE_DYN_ytdavg_gt_lyytdavg,0.3967332755681112,0.32339951452437266,0.07333376104373857,-0.3725392152890141,0.507981220657277,50.49,180.08333333333334
VOL_qb2of3__FCF_OI_qb0of3__C7_ROE_DYN_ytdavg_gt_lyavg__v0,VOL_qb2of3__FCF_OI_qb0of3,C7_ROE_DYN_ytdavg_gt_lyavg,0.3955981771447903,0.31381289478356145,0.08178528236122884,-0.3806321116994318,0.5230479774223895,50.6,168.63888888888889
VOL_qb2of3__P_IC_qb0of3__C2_ROE_DYN_riseq2__v0,VOL_qb2of3__P_IC_qb0of3,C2_ROE_DYN_riseq2,0.3948551906481692,0.4151214551971951,-0.020266264549025914,-0.33993392727235516,0.5260570304818093,43.48,106.71428571428571
VOL_qb2of3__EV_S_qb0of3__None__v0,VOL_qb2of3__EV_S_qb0of3,None,0.39391074614637867,0.39391074614637867,0.0,-0.2834001918347102,0.5526590198123045,33.76,287.7916666666667
VOL_qb2of3__PS_qb0of3__C9_EPS_DYN_riseq2__v0,VOL_qb2of3__PS_qb0of3,C9_EPS_DYN_riseq2,0.39359404835128853,0.3433534555412179,0.05024059281007065,-0.31032695961663215,0.5135975135975136,42.14,146.62790697674419
VOL_qb2of3__None__C14_EPS_DYN_ytdavg_gt_lyavg__v0,VOL_qb2of3__None,C14_EPS_DYN_ytdavg_gt_lyavg,0.39233798261187536,0.28239130852834493,0.10994667408353043,-0.32689642288904497,0.5091193329859302,47.55,446.1666666666667
VOL_qb2of3__ROE_qb2of3__C7_ROE_DYN_ytdavg_gt_lyavg__v0,VOL_qb2of3__ROE_qb2of3,C7_ROE_DYN_ytdavg_gt_lyavg,0.3920634832042036,0.294495321655762,0.09756816154844161,-0.28319545169510274,0.5395604395604395,49.66,115.91666666666667
VOL_qb2of3__REVENUE_qb0of3__C15_FCF_P_DYN_riseq1__v0,VOL_qb2of3__REVENUE_qb0of3,C15_FCF_P_DYN_riseq1,0.3916379768900726,0.3644004503645708,0.02723752652550182,-0.3471119822284794,0.4519185220274751,39.64,223.75555555555556
VOL_qb2of3__ACCRUAL_qb0of3__C14_EPS_DYN_ytdavg_gt_lyavg__v0,VOL_qb2of3__ACCRUAL_qb0of3,C14_EPS_DYN_ytdavg_gt_lyavg,0.3907223446336461,0.2805270124492769,0.11019533218436917,-0.3405020732139925,0.5251846877098724,45.93,198.19444444444446
VOL_qb2of3__PB_qb0of3__C15_FCF_P_DYN_riseq1__v0,VOL_qb2of3__PB_qb0of3,C15_FCF_P_DYN_riseq1,0.39066379168861953,0.5178146189555792,-0.1271508272669597,-0.3212309705549625,0.4807570977917981,38.04,140.24444444444444
VOL_qb2of3__FCF_OI_qb0of3__C6_ROE_DYN_ytdavg_gt_lyytdavg__v0,VOL_qb2of3__FCF_OI_qb0of3,C6_ROE_DYN_ytdavg_gt_lyytdavg,0.39013500273061674,0.31381289478356145,0.0763221079470553,-0.3714241384926448,0.5043062200956938,51.99,165.05555555555554
VOL_qb2of3__ACCRUAL_qb0of3__C3_ROE_DYN_qmax4__v0,VOL_qb2of3__ACCRUAL_qb0of3,C3_ROE_DYN_qmax4,0.3897581815277149,0.2805270124492769,0.109231169078438,-0.3101759312882164,0.5452436194895591,40.31,74.775
VOL_qb2of3__PS_qb0of3__C1_ROE_DYN_riseq1__v0,VOL_qb2of3__PS_qb0of3,C1_ROE_DYN_riseq1,0.38880624132602426,0.3433534555412179,0.04545278578480638,-0.3147361652298978,0.5177215189873418,36.57,137.77777777777777
VOL_qb2of3__NETDEBT_EBITDA_qb0of3__C7_ROE_DYN_ytdavg_gt_lyavg__v0,VOL_qb2of3__NETDEBT_EBITDA_qb0of3,C7_ROE_DYN_ytdavg_gt_lyavg,0.38831462203068323,0.3067750457478826,0.08153957628280062,-0.2890006183868651,0.5092105263157894,49.48,144.47222222222223
VOL_qb2of3__ROE_qb0of3__C1_ROE_DYN_riseq1__v0,VOL_qb2of3__ROE_qb0of3,C1_ROE_DYN_riseq1,0.38826928615113165,0.28073743399402407,0.10753185215710759,-0.3545005632838084,0.49429846306395636,31.77,188.69565217391303
VOL_qb2of3__ACCRUAL_qb0of3__C6_ROE_DYN_ytdavg_gt_lyytdavg__v0,VOL_qb2of3__ACCRUAL_qb0of3,C6_ROE_DYN_ytdavg_gt_lyytdavg,0.3882594531309522,0.2805270124492769,0.10773244068167531,-0.33559672829267284,0.5305491105955144,49.26,154.25
VOL_qb2of3__P_IC_qb1of3__C3_ROE_DYN_qmax4__v0,VOL_qb2of3__P_IC_qb1of3,C3_ROE_DYN_qmax4,0.38800941819048806,0.3982678858664581,-0.010258467675970051,-0.3194296543360977,0.5062111801242236,39.51,55.90243902439025
VOL_qb2of3__P_IC_qb1of3__C9_EPS_DYN_riseq2__v0,VOL_qb2of3__P_IC_qb1of3,C9_EPS_DYN_riseq2,0.3877584592348491,0.3982678858664581,-0.010509426631609031,-0.3337948480388363,0.49019607843137253,41.73,137.42857142857142
VOL_qb2of3__ACCRUAL_qb0of3__C7_ROE_DYN_ytdavg_gt_lyavg__v0,VOL_qb2of3__ACCRUAL_qb0of3,C7_ROE_DYN_ytdavg_gt_lyavg,0.3871006273284543,0.2805270124492769,0.10657361487917738,-0.34286595773701434,0.5233644859813084,49.52,156.11111111111111
VOL_qb2of3__PS_qb0of3__C17_FCF_P_DYN_qmax4__v0,VOL_qb2of3__PS_qb0of3,C17_FCF_P_DYN_qmax4,0.38644342631332496,0.3433534555412179,0.04308997077210708,-0.2997205251745362,0.5066666666666667,47.31,81.58974358974359
VOL_qb2of3__ACCRUAL_qb0of3__C13_EPS_DYN_ytdavg_gt_lyytdavg__v0,VOL_qb2of3__ACCRUAL_qb0of3,C13_EPS_DYN_ytdavg_gt_lyytdavg,0.3862685123120868,0.2805270124492769,0.1057414998628099,-0.33737892317586793,0.5237458193979934,46.31,195.44444444444446
VOL_qb2of3__None__C10_EPS_DYN_qmax4__v0,VOL_qb2of3__None,C10_EPS_DYN_qmax4,0.3860185909062439,0.28239130852834493,0.10362728237789898,-0.32840318620693065,0.5118790496760259,44.03,249.29268292682926
VOL_qb2of3__EV_EBITDA_qb0of3__C19_FCF_P_DYN_yoy__v0,VOL_qb2of3__EV_EBITDA_qb0of3,C19_FCF_P_DYN_yoy,0.3853123769807447,0.3802593207379903,0.005053056242754428,-0.3153499981618464,0.5013568521031208,46.39,224.81578947368422
VOL_qb2of3__ROE_qb0of3__C20_FCF_P_DYN_ytdavg_gt_lyytdavg__v0,VOL_qb2of3__ROE_qb0of3,C20_FCF_P_DYN_ytdavg_gt_lyytdavg,0.3817243817450915,0.28073743399402407,0.10098694775106742,-0.3336665938683139,0.4873217115689382,50.86,238.5
VOL_qb2of3__ROE_qb0of3__C6_ROE_DYN_ytdavg_gt_lyytdavg__v0,VOL_qb2of3__ROE_qb0of3,C6_ROE_DYN_ytdavg_gt_lyytdavg,0.3816262209573664,0.28073743399402407,0.10088878696334236,-0.3698691120753088,0.5091093117408907,52.72,174.66666666666666
VOL_qb2of3__ACCRUAL_qb2of3__C5_ROE_DYN_yoy__v0,VOL_qb2of3__ACCRUAL_qb2of3,C5_ROE_DYN_yoy,0.3811519987259724,0.3579134073645456,0.023238591361426808,-0.3236679387461773,0.5252784918594687,52.84,122.44444444444444
VOL_qb2of3__EV_EBITDA_qb0of3__C4_ROE_DYN_qmax8__v0,VOL_qb2of3__EV_EBITDA_qb0of3,C4_ROE_DYN_qmax8,0.38045867394072697,0.3802593207379903,0.000199353202736674,-0.3640776699029128,0.5471698113207547,55.45,53.51724137931034
VOL_qb2of3__ACCRUAL_qb0of3__C10_EPS_DYN_qmax4__v0,VOL_qb2of3__ACCRUAL_qb0of3,C10_EPS_DYN_qmax4,0.380284348172361,0.2805270124492769,0.0997573357230841,-0.35009316142790814,0.5234962406015038,41.14,99.875
VOL_qb2of3__EV_EBITDA_qb0of3__None__v0,VOL_qb2of3__EV_EBITDA_qb0of3,None,0.3802593207379903,0.3802593207379903,0.0,-0.3483329934145535,0.5044890979050877,31.38,543.6666666666666
VOL_qb2of3__OCF_E_qb0of3__C20_FCF_P_DYN_ytdavg_gt_lyytdavg__v0,VOL_qb2of3__OCF_E_qb0of3,C20_FCF_P_DYN_ytdavg_gt_lyytdavg,0.3790820578769514,0.2808479357922822,0.0982341220846692,-0.3455832727095999,0.4762790697674419,53.15,188.30555555555554
VOL_qb2of3__P_IC_qb0of3__C3_ROE_DYN_qmax4__v0,VOL_qb2of3__P_IC_qb0of3,C3_ROE_DYN_qmax4,0.3788359033279287,0.4151214551971951,-0.03628555186926641,-0.31368001709868387,0.5348837209302325,52.72,50.609756097560975
VOL_qb2of3__DEBTRATIO_qb0of3__C9_EPS_DYN_riseq2__v0,VOL_qb2of3__DEBTRATIO_qb0of3,C9_EPS_DYN_riseq2,0.37834904151061766,0.2912157668313322,0.08713327467928544,-0.3443641934138034,0.49038461538461536,38.52,164.1904761904762
VOL_qb2of3__PB_qb0of3__C16_FCF_P_DYN_riseq2__v0,VOL_qb2of3__PB_qb0of3,C16_FCF_P_DYN_riseq2,0.37686232779678797,0.5178146189555792,-0.14095229115879127,-0.31357417652188657,0.4923572003218021,39.95,138.14285714285714
VOL_qb2of3__ROE_qb0of3__C7_ROE_DYN_ytdavg_gt_lyavg__v0,VOL_qb2of3__ROE_qb0of3,C7_ROE_DYN_ytdavg_gt_lyavg,0.37675628622067237,0.28073743399402407,0.0960188522266483,-0.38301114690092863,0.505175983436853,54.41,178.72222222222223
VOL_qb2of3__NETDEBT_EBITDA_qb0of3__C3_ROE_DYN_qmax4__v0,VOL_qb2of3__NETDEBT_EBITDA_qb0of3,C3_ROE_DYN_qmax4,0.37648718488465316,0.3067750457478826,0.06971213913677055,-0.2821755258549882,0.5402144772117963,44.2,74.12820512820512
VOL_qb2of3__OCF_E_qb2of3__C2_ROE_DYN_riseq2__v0,VOL_qb2of3__OCF_E_qb2of3,C2_ROE_DYN_riseq2,0.37603229230738777,0.2799014933148727,0.09613079899251509,-0.30448605794831807,0.5228310502283106,43.16,115.83333333333333
VOL_qb2of3__EV_S_qb0of3__C19_FCF_P_DYN_yoy__v0,VOL_qb2of3__EV_S_qb0of3,C19_FCF_P_DYN_yoy,0.3757467371219403,0.39391074614637867,-0.018164009024438377,-0.2789858158713896,0.5430954587581094,44.16,137.21052631578948
VOL_qb2of3__PB_qb0of3__C17_FCF_P_DYN_qmax4__v0,VOL_qb2of3__PB_qb0of3,C17_FCF_P_DYN_qmax4,0.3752605671295841,0.5178146189555792,-0.14255405182599512,-0.3124097635880212,0.480440097799511,49.36,75.82051282051282
VOL_qb2of3__FCF_OI_qb0of3__C15_FCF_P_DYN_riseq1__v0,VOL_qb2of3__FCF_OI_qb0of3,C15_FCF_P_DYN_riseq1,0.3750025928421814,0.31381289478356145,0.06118969805861996,-0.36717810331427114,0.44389336639801613,37.47,164.53333333333333
VOL_qb2of3__OCF_E_qb2of3__C14_EPS_DYN_ytdavg_gt_lyavg__v0,VOL_qb2of3__OCF_E_qb2of3,C14_EPS_DYN_ytdavg_gt_lyavg,0.3740286432181137,0.2799014933148727,0.094127149903241,-0.3013338278998253,0.5282511210762332,50.26,127.91666666666667
VOL_qb2of3__MOM_qb0of3__C20_FCF_P_DYN_ytdavg_gt_lyytdavg__v0,VOL_qb2of3__MOM_qb0of3,C20_FCF_P_DYN_ytdavg_gt_lyytdavg,0.3739552458898545,0.35078379250611724,0.023171453383737273,-0.2987374874955939,0.5486018641810919,45.9,156.22222222222223
VOL_qb2of3__OCF_E_qb0of3__C1_ROE_DYN_riseq1__v0,VOL_qb2of3__OCF_E_qb0of3,C1_ROE_DYN_riseq1,0.3734742560687212,0.2808479357922822,0.09262632027643902,-0.34887145964667676,0.4906860517946388,34.37,188.17391304347825
VOL_qb2of3__P_IC_qb0of3__C20_FCF_P_DYN_ytdavg_gt_lyytdavg__v0,VOL_qb2of3__P_IC_qb0of3,C20_FCF_P_DYN_ytdavg_gt_lyytdavg,0.37345521974831297,0.4151214551971951,-0.04166623544888215,-0.26663073811031535,0.5480769230769231,48.84,112.33333333333333
VOL_qb2of3__ACCRUAL_qb0of3__C18_FCF_P_DYN_qmax8__v0,VOL_qb2of3__ACCRUAL_qb0of3,C18_FCF_P_DYN_qmax8,0.3731930238582408,0.2805270124492769,0.09266601140896391,-0.3640776699029128,0.5073627844712182,59.32,87.93103448275862
VOL_qb2of3__ACCRUAL_qb2of3__C9_EPS_DYN_riseq2__v0,VOL_qb2of3__ACCRUAL_qb2of3,C9_EPS_DYN_riseq2,0.37305700501610084,0.3579134073645456,0.015143597651555263,-0.3230783331055872,0.5251572327044025,43.5,143.09302325581396
VOL_qb2of3__P_IC_qb0of3__C15_FCF_P_DYN_riseq1__v0,VOL_qb2of3__P_IC_qb0of3,C15_FCF_P_DYN_riseq1,0.37294893074563307,0.4151214551971951,-0.042172524451562055,-0.314602036642736,0.5021865889212828,37.45,114.53333333333333
VOL_qb2of3__ROE_qb2of3__C18_FCF_P_DYN_qmax8__v0,VOL_qb2of3__ROE_qb2of3,C18_FCF_P_DYN_qmax8,0.37267079020457117,0.294495321655762,0.07817546854880919,-0.27271922560481643,0.5119047619047619,65.73,29.642857142857142
VOL_qb2of3__EPS_qb0of3__C20_FCF_P_DYN_ytdavg_gt_lyytdavg__v0,VOL_qb2of3__EPS_qb0of3,C20_FCF_P_DYN_ytdavg_gt_lyytdavg,0.37244319269693316,0.31319714438941104,0.059246048307522114,-0.3315853109042399,0.4909520062942565,49.73,260.6388888888889
VOL_qb2of3__DEBTRATIO_qb0of3__C20_FCF_P_DYN_ytdavg_gt_lyytdavg__v0,VOL_qb2of3__DEBTRATIO_qb0of3,C20_FCF_P_DYN_ytdavg_gt_lyytdavg,0.37191430343264864,0.2912157668313322,0.08069853660131643,-0.31856537285625874,0.5083226632522407,56.36,151.47222222222223
VOL_qb2of3__FCF_P_qb0of3__C7_ROE_DYN_ytdavg_gt_lyavg__v0,VOL_qb2of3__FCF_P_qb0of3,C7_ROE_DYN_ytdavg_gt_lyavg,0.3718852458935966,0.32617392728256056,0.045711318611036056,-0.3817263415169907,0.5255009107468124,50.42,183.11111111111111
VOL_qb2of3__REVENUE_qb0of3__C19_FCF_P_DYN_yoy__v0,VOL_qb2of3__REVENUE_qb0of3,C19_FCF_P_DYN_yoy,0.37122512398563456,0.3644004503645708,0.006824673621063759,-0.3194577593216398,0.46965699208443273,48.15,218.27777777777777
VOL_qb2of3__NETDEBT_EBITDA_qb0of3__C6_ROE_DYN_ytdavg_gt_lyytdavg__v0,VOL_qb2of3__NETDEBT_EBITDA_qb0of3,C6_ROE_DYN_ytdavg_gt_lyytdavg,0.37097481306110325,0.3067750457478826,0.06419976731322063,-0.28526407847887136,0.5143229166666666,49.98,145.08333333333334
VOL_qb2of3__FCF_P_qb0of3__C6_ROE_DYN_ytdavg_gt_lyytdavg__v0,VOL_qb2of3__FCF_P_qb0of3,C6_ROE_DYN_ytdavg_gt_lyytdavg,0.37086725511833607,0.32617392728256056,0.04469332783577551,-0.3738100305765323,0.5082266910420475,51.35,180.30555555555554
VOL_qb2of3__ROE_qb2of3__C11_EPS_DYN_qmax8__v0,VOL_qb2of3__ROE_qb2of3,C11_EPS_DYN_qmax8,0.3696317055307321,0.294495321655762,0.07513638387497013,-0.2763404754285479,0.5811088295687885,64.19,64.28571428571429
VOL_qb2of3__REVENUE_qb0of3__C17_FCF_P_DYN_qmax4__v0,VOL_qb2of3__REVENUE_qb0of3,C17_FCF_P_DYN_qmax4,0.36928466736363186,0.3644004503645708,0.004884216999061053,-0.3248243707282831,0.4565416285452882,52.98,120.66666666666667
VOL_qb2of3__NETDEBT_EBITDA_qb0of3__C17_FCF_P_DYN_qmax4__v0,VOL_qb2of3__NETDEBT_EBITDA_qb0of3,C17_FCF_P_DYN_qmax4,0.3688904225300724,0.3067750457478826,0.06211537678218981,-0.27148229807980684,0.49079754601226994,52.81,81.05128205128206
VOL_qb2of3__FCF_P_qb0of3__C15_FCF_P_DYN_riseq1__v0,VOL_qb2of3__FCF_P_qb0of3,C15_FCF_P_DYN_riseq1,0.36818242515059874,0.32617392728256056,0.042008497868038175,-0.38959307790211084,0.4347581552305962,39.14,186.0222222222222
VOL_qb2of3__P_IC_qb0of3__C7_ROE_DYN_ytdavg_gt_lyavg__v0,VOL_qb2of3__P_IC_qb0of3,C7_ROE_DYN_ytdavg_gt_lyavg,0.3681644435933964,0.4151214551971951,-0.046957011603798726,-0.34709680907728147,0.5417322834645669,52.54,96.33333333333333
VOL_qb2of3__CROIC_qb0of3__C5_ROE_DYN_yoy__v0,VOL_qb2of3__CROIC_qb0of3,C5_ROE_DYN_yoy,0.3677162094509774,0.32339951452437266,0.04431669492660473,-0.3665509930404639,0.5098039215686274,41.79,170.66666666666666
VOL_qb2of3__DEBTRATIO_qb0of3__C19_FCF_P_DYN_yoy__v0,VOL_qb2of3__DEBTRATIO_qb0of3,C19_FCF_P_DYN_yoy,0.3673456644820292,0.2912157668313322,0.076129897650697,-0.3099524134763263,0.5052742616033755,53.71,153.36111111111111
VOL_qb2of3__EPS_qb0of3__C17_FCF_P_DYN_qmax4__v0,VOL_qb2of3__EPS_qb0of3,C17_FCF_P_DYN_qmax4,0.3663332402054962,0.31319714438941104,0.05313609581608514,-0.3429230067272575,0.4727403156384505,51.82,145.12820512820514
VOL_qb2of3__P_IC_qb0of3__C6_ROE_DYN_ytdavg_gt_lyytdavg__v0,VOL_qb2of3__P_IC_qb0of3,C6_ROE_DYN_ytdavg_gt_lyytdavg,0.3662409469479069,0.4151214551971951,-0.048880508249288246,-0.34103015199237974,0.5372424722662441,54.69,92.88888888888889
VOL_qb2of3__ROIC_qb0of3__C19_FCF_P_DYN_yoy__v0,VOL_qb2of3__ROIC_qb0of3,C19_FCF_P_DYN_yoy,0.3645242239879165,0.32930729375233425,0.035216930235582256,-0.32328322055076575,0.48050314465408805,47.65,249.07894736842104
VOL_qb2of3__REVENUE_qb0of3__None__v0,VOL_qb2of3__REVENUE_qb0of3,None,0.3644004503645708,0.3644004503645708,0.0,-0.3436939431007081,0.48419429452582885,33.18,472.0416666666667
VOL_qb2of3__OCF_E_qb0of3__C6_ROE_DYN_ytdavg_gt_lyytdavg__v0,VOL_qb2of3__OCF_E_qb0of3,C6_ROE_DYN_ytdavg_gt_lyytdavg,0.3643596690476356,0.2808479357922822,0.08351173325535344,-0.3739582844134799,0.49722222222222223,53.74,168.22222222222223
VOL_qb2of3__ROE_qb2of3__C9_EPS_DYN_riseq2__v0,VOL_qb2of3__ROE_qb2of3,C9_EPS_DYN_riseq2,0.36310226423962777,0.294495321655762,0.0686069425838658,-0.28256046411944435,0.5407292474786657,45.9,124.3953488372093
VOL_qb2of3__NETDEBT_EBITDA_qb0of3__C20_FCF_P_DYN_ytdavg_gt_lyytdavg__v0,VOL_qb2of3__NETDEBT_EBITDA_qb0of3,C20_FCF_P_DYN_ytdavg_gt_lyytdavg,0.3622653741546842,0.3067750457478826,0.05549032840680157,-0.27218109511713384,0.5077844311377245,52.39,150.80555555555554
VOL_qb2of3__P_IC_qb1of3__C10_EPS_DYN_qmax4__v0,VOL_qb2of3__P_IC_qb1of3,C10_EPS_DYN_qmax4,0.362070210545949,0.3982678858664581,-0.036197675320509104,-0.3385367189199847,0.49571603427172584,39.82,78.48780487804878
VOL_qb2of3__OCF_E_qb2of3__C9_EPS_DYN_riseq2__v0,VOL_qb2of3__OCF_E_qb2of3,C9_EPS_DYN_riseq2,0.36190128243109276,0.2799014933148727,0.08199978911622008,-0.302467571352138,0.5236051502145923,47.64,123.76744186046511
VOL_qb2of3__OCF_E_qb0of3__C5_ROE_DYN_yoy__v0,VOL_qb2of3__OCF_E_qb0of3,C5_ROE_DYN_yoy,0.361890208838453,0.2808479357922822,0.08104227304617084,-0.3801285271736321,0.49848024316109424,51.25,174.75
VOL_qb2of3__EV_S_qb0of3__C15_FCF_P_DYN_riseq1__v0,VOL_qb2of3__EV_S_qb0of3,C15_FCF_P_DYN_riseq1,0.3610612902150836,0.39391074614637867,-0.03284945593129507,-0.2842839421264246,0.5089011663597299,38.48,138.26666666666668
VOL_qb2of3__ACCRUAL_qb0of3__C8_EPS_DYN_riseq1__v0,VOL_qb2of3__ACCRUAL_qb0of3,C8_EPS_DYN_riseq1,0.3609318962503967,0.2805270124492769,0.08040488380111976,-0.331104802875964,0.5081481481481481,34.87,167.7608695652174
VOL_qb2of3__ACCRUAL_qb0of3__C1_ROE_DYN_riseq1__v0,VOL_qb2of3__ACCRUAL_qb0of3,C1_ROE_DYN_riseq1,0.3596093625248358,0.2805270124492769,0.07908235007555886,-0.3348469808826179,0.5164609053497943,36.4,152.19565217391303
VOL_qb2of3__EV_S_qb0of3__C20_FCF_P_DYN_ytdavg_gt_lyytdavg__v0,VOL_qb2of3__EV_S_qb0of3,C20_FCF_P_DYN_ytdavg_gt_lyytdavg,0.3588201265333568,0.39391074614637867,-0.035090619613021845,-0.27434086515437905,0.5639913232104121,49.08,144.61111111111111
VOL_qb2of3__EV_EBITDA_qb0of3__C5_ROE_DYN_yoy__v0,VOL_qb2of3__EV_EBITDA_qb0of3,C5_ROE_DYN_yoy,0.35851856006167493,0.3802593207379903,-0.021740760676315363,-0.3524503253355117,0.520537714712472,43.02,184.6315789473684
VOL_qb2of3__MOM_qb0of3__C6_ROE_DYN_ytdavg_gt_lyytdavg__v0,VOL_qb2of3__MOM_qb0of3,C6_ROE_DYN_ytdavg_gt_lyytdavg,0.35807305410152956,0.35078379250611724,0.007289261595412322,-0.3359991453947556,0.5695718654434251,53.44,133.05555555555554
VOL_qb2of3__ACCRUAL_qb2of3__None__v0,VOL_qb2of3__ACCRUAL_qb2of3,None,0.3579134073645456,0.3579134073645456,0.0,-0.31123306910926396,0.5042125729099157,33.97,260.125
VOL_qb2of3__ROE_qb2of3__C2_ROE_DYN_riseq2__v0,VOL_qb2of3__ROE_qb2of3,C2_ROE_DYN_riseq2,0.35665554526841325,0.294495321655762,0.06216022361265128,-0.28906681468874873,0.531733746130031,44.23,122.76190476190476
VOL_qb2of3__MOM_qb0of3__C7_ROE_DYN_ytdavg_gt_lyavg__v0,VOL_qb2of3__MOM_qb0of3,C7_ROE_DYN_ytdavg_gt_lyavg,0.356058251435583,0.35078379250611724,0.005274458929465764,-0.331738661065595,0.5622222222222222,55.12,137.41666666666666
VOL_qb2of3__None__C3_ROE_DYN_qmax4__v0,VOL_qb2of3__None,C3_ROE_DYN_qmax4,0.355720491130207,0.28239130852834493,0.07332918260186205,-0.3107859804078291,0.5218940936863544,47.58,187.0487804878049
VOL_qb2of3__PS_qb0of3__C6_ROE_DYN_ytdavg_gt_lyytdavg__v0,VOL_qb2of3__PS_qb0of3,C6_ROE_DYN_ytdavg_gt_lyytdavg,0.3551714074665808,0.3433534555412179,0.011817951925362946,-0.3386943122698505,0.5081521739130435,52.69,117.86111111111111
VOL_qb2of3__FCF_OI_qb0of3__C17_FCF_P_DYN_qmax4__v0,VOL_qb2of3__FCF_OI_qb0of3,C17_FCF_P_DYN_qmax4,0.3549937331572859,0.31381289478356145,0.04118083837372444,-0.33482571083977963,0.4391891891891892,47.1,68.56410256410257
VOL_qb2of3__OCF_E_qb0of3__C7_ROE_DYN_ytdavg_gt_lyavg__v0,VOL_qb2of3__OCF_E_qb0of3,C7_ROE_DYN_ytdavg_gt_lyavg,0.3542175542786472,0.2808479357922822,0.07336961848636503,-0.3768303096693407,0.5069380203515264,56.25,172.27777777777777
VOL_qb2of3__PS_qb0of3__C7_ROE_DYN_ytdavg_gt_lyavg__v0,VOL_qb2of3__PS_qb0of3,C7_ROE_DYN_ytdavg_gt_lyavg,0.3533475170227711,0.3433534555412179,0.00999406148155324,-0.3472403699087797,0.5059760956175299,51.13,122.97222222222223
VOL_qb2of3__OCF_E_qb2of3__C6_ROE_DYN_ytdavg_gt_lyytdavg__v0,VOL_qb2of3__OCF_E_qb2of3,C6_ROE_DYN_ytdavg_gt_lyytdavg,0.3532771893015787,0.2799014933148727,0.07337569598670601,-0.2891608688774665,0.535678391959799,53.36,114.02777777777777
VOL_qb2of3__MOM_qb0of3__C19_FCF_P_DYN_yoy__v0,VOL_qb2of3__MOM_qb0of3,C19_FCF_P_DYN_yoy,0.35254286586136363,0.35078379250611724,0.0017590733552463877,-0.2907067866406172,0.5322784810126582,47.2,158.02777777777777
VOL_qb2of3__ACCRUAL_qb2of3__C3_ROE_DYN_qmax4__v0,VOL_qb2of3__ACCRUAL_qb2of3,C3_ROE_DYN_qmax4,0.35142659023956857,0.3579134073645456,-0.006486817124977007,-0.31086495628616473,0.5363196125907991,50.52,70.8974358974359
VOL_qb2of3__MOM_qb0of3__None__v0,VOL_qb2of3__MOM_qb0of3,None,0.35078379250611724,0.35078379250611724,0.0,-0.3594619361718455,0.5136510874595095,32.2,376.0208333333333
VOL_qb2of3__ROIC_qb0of3__C9_EPS_DYN_riseq2__v0,VOL_qb2of3__ROIC_qb0of3,C9_EPS_DYN_riseq2,0.3504627872810182,0.32930729375233425,0.021155493528683955,-0.3996588287856825,0.4952166572875633,33.99,237.6590909090909
VOL_qb2of3__OCF_E_qb2of3__C3_ROE_DYN_qmax4__v0,VOL_qb2of3__OCF_E_qb2of3,C3_ROE_DYN_qmax4,0.3496096214830031,0.2799014933148727,0.06970812816813043,-0.28576961731787986,0.531130876747141,43.23,62.46341463414634
VOL_qb2of3__ROIC_qb0of3__C17_FCF_P_DYN_qmax4__v0,VOL_qb2of3__ROIC_qb0of3,C17_FCF_P_DYN_qmax4,0.3495502638699328,0.32930729375233425,0.02024297011759857,-0.3417295778783468,0.4727540500736377,50.42,143.05128205128204
VOL_qb2of3__ROE_qb2of3__C12_EPS_DYN_yoy__v0,VOL_qb2of3__ROE_qb2of3,C12_EPS_DYN_yoy,0.34880793524895726,0.294495321655762,0.05431261359319528,-0.2955380577427824,0.56,44.5,117.6829268292683
VOL_qb2of3__ACCRUAL_qb0of3__C20_FCF_P_DYN_ytdavg_gt_lyytdavg__v0,VOL_qb2of3__ACCRUAL_qb0of3,C20_FCF_P_DYN_ytdavg_gt_lyytdavg,0.34791181726827225,0.2805270124492769,0.06738480481899534,-0.31092314321401426,0.5271273557966876,51.3,219.83333333333334
VOL_qb2of3__CROIC_qb0of3__C15_FCF_P_DYN_riseq1__v0,VOL_qb2of3__CROIC_qb0of3,C15_FCF_P_DYN_riseq1,0.34781552937990656,0.32339951452437266,0.024416014855533907,-0.38641096331362834,0.43561030235162373,42.02,188.3111111111111
VOL_qb2of3__ACCRUAL_qb2of3__C20_FCF_P_DYN_ytdavg_gt_lyytdavg__v0,VOL_qb2of3__ACCRUAL_qb2of3,C20_FCF_P_DYN_ytdavg_gt_lyytdavg,0.3476803357581906,0.3579134073645456,-0.010233071606355004,-0.31448031481888683,0.5285868392664509,57.49,95.94444444444444
VOL_qb2of3__EPS_qb0of3__C15_FCF_P_DYN_riseq1__v0,VOL_qb2of3__EPS_qb0of3,C15_FCF_P_DYN_riseq1,0.34767065526649854,0.31319714438941104,0.0344735108770875,-0.3538099541786013,0.45953971789161097,40.61,270.4888888888889
VOL_qb2of3__OCF_E_qb2of3__C7_ROE_DYN_ytdavg_gt_lyavg__v0,VOL_qb2of3__OCF_E_qb2of3,C7_ROE_DYN_ytdavg_gt_lyavg,0.3472957067332838,0.2799014933148727,0.06739421341841112,-0.29843752851286975,0.5151515151515151,52.39,114.66666666666667
VOL_qb2of3__ACCRUAL_qb2of3__C16_FCF_P_DYN_riseq2__v0,VOL_qb2of3__ACCRUAL_qb2of3,C16_FCF_P_DYN_riseq2,0.3467622299783284,0.3579134073645456,-0.011151177386217181,-0.31755849062108066,0.49944008958566627,41.15,77.71428571428571
VOL_qb2of3__ROE_qb0of3__C19_FCF_P_DYN_yoy__v0,VOL_qb2of3__ROE_qb0of3,C19_FCF_P_DYN_yoy,0.34599554470473803,0.28073743399402407,0.06525811071071397,-0.31813342808616774,0.4814573845152895,49.68,233.02631578947367
VOL_qb2of3__P_IC_qb1of3__C20_FCF_P_DYN_ytdavg_gt_lyytdavg__v0,VOL_qb2of3__P_IC_qb1of3,C20_FCF_P_DYN_ytdavg_gt_lyytdavg,0.3458438355947029,0.3982678858664581,-0.05242405027175523,-0.32048949356569834,0.5263774912075029,51.73,115.80555555555556
VOL_qb2of3__ROIC_qb0of3__C15_FCF_P_DYN_riseq1__v0,VOL_qb2of3__ROIC_qb0of3,C15_FCF_P_DYN_riseq1,0.34421450965554157,0.32930729375233425,0.014907215903207316,-0.35307548016167545,0.4608138658628485,40.02,266.53333333333336
VOL_qb2of3__PS_qb0of3__None__v0,VOL_qb2of3__PS_qb0of3,None,0.3433534555412179,0.3433534555412179,0.0,-0.291246264040255,0.5411946446961895,38.53,300.6875
VOL_qb2of3__EPS_qb0of3__C9_EPS_DYN_riseq2__v0,VOL_qb2of3__EPS_qb0of3,C9_EPS_DYN_riseq2,0.34255826531105327,0.31319714438941104,0.029361120921642225,-0.39889153451015547,0.4961111111111111,34.59,242.27272727272728
VOL_qb2of3__EV_EBITDA_qb0of3__C15_FCF_P_DYN_riseq1__v0,VOL_qb2of3__EV_EBITDA_qb0of3,C15_FCF_P_DYN_riseq1,0.34245212815525994,0.3802593207379903,-0.03780719258273035,-0.3470004988882649,0.4613248710829036,41.24,247.77777777777777
VOL_qb2of3__ROE_qb2of3__C20_FCF_P_DYN_ytdavg_gt_lyytdavg__v0,VOL_qb2of3__ROE_qb2of3,C20_FCF_P_DYN_ytdavg_gt_lyytdavg,0.34123235661892526,0.294495321655762,0.04673703496316328,-0.2516346377539913,0.548235294117647,52.87,102.66666666666667
VOL_qb2of3__PS_qb0of3__C2_ROE_DYN_riseq2__v0,VOL_qb2of3__PS_qb0of3,C2_ROE_DYN_riseq2,0.3408460656657808,0.3433534555412179,-0.0025073898754370827,-0.32517560027651393,0.519059205190592,48.25,134.45238095238096
VOL_qb2of3__None__C6_ROE_DYN_ytdavg_gt_lyytdavg__v0,VOL_qb2of3__None,C6_ROE_DYN_ytdavg_gt_lyytdavg,0.3404671799258523,0.28239130852834493,0.05807587139750736,-0.32124758106420137,0.5065861690450055,56.73,357.97222222222223
VOL_qb2of3__EV_EBITDA_qb0of3__C9_EPS_DYN_riseq2__v0,VOL_qb2of3__EV_EBITDA_qb0of3,C9_EPS_DYN_riseq2,0.3402186335326791,0.3802593207379903,-0.040040687205311176,-0.4016325264947299,0.5088819226750261,34.66,243.1590909090909
VOL_qb2of3__PS_qb0of3__C19_FCF_P_DYN_yoy__v0,VOL_qb2of3__PS_qb0of3,C19_FCF_P_DYN_yoy,0.3398041626256938,0.3433534555412179,-0.0035492929155240827,-0.2846527582680035,0.5308863025962399,47.57,140.6578947368421
VOL_qb2of3__NETDEBT_EBITDA_qb0of3__C16_FCF_P_DYN_riseq2__v0,VOL_qb2of3__NETDEBT_EBITDA_qb0of3,C16_FCF_P_DYN_riseq2,0.3395661935877783,0.3067750457478826,0.032791147839895673,-0.29899326419994865,0.4833468724614135,38.6,151.21428571428572
VOL_qb2of3__OCF_E_qb2of3__C18_FCF_P_DYN_qmax8__v0,VOL_qb2of3__OCF_E_qb2of3,C18_FCF_P_DYN_qmax8,0.3388840797039143,0.2799014933148727,0.058982586389041636,-0.29726010886448007,0.5177453027139874,72.29,55.392857142857146
VOL_qb2of3__FCF_P_qb0of3__C5_ROE_DYN_yoy__v0,VOL_qb2of3__FCF_P_qb0of3,C5_ROE_DYN_yoy,0.3387293304018033,0.32617392728256056,0.012555403119242747,-0.36883992779921615,0.5106853352984525,43.25,171.0
VOL_qb2of3__DEBTRATIO_qb0of3__C18_FCF_P_DYN_qmax8__v0,VOL_qb2of3__DEBTRATIO_qb0of3,C18_FCF_P_DYN_qmax8,0.3384504592065505,0.2912157668313322,0.04723469237521827,-0.3116767642299023,0.49363057324840764,79.67,46.333333333333336
VOL_qb2of3__EPS_qb0of3__C19_FCF_P_DYN_yoy__v0,VOL_qb2of3__EPS_qb0of3,C19_FCF_P_DYN_yoy,0.3381270888803969,0.31319714438941104,0.024929944490985845,-0.3222523406571206,0.4777708202880401,49.5,254.31578947368422
VOL_qb2of3__PS_qb0of3__C10_EPS_DYN_qmax4__v0,VOL_qb2of3__PS_qb0of3,C10_EPS_DYN_qmax4,0.33811813150510983,0.3433534555412179,-0.005235324036108047,-0.3106362712299051,0.5100222717149221,46.09,82.53658536585365
VOL_qb2of3__ACCRUAL_qb0of3__C17_FCF_P_DYN_qmax4__v0,VOL_qb2of3__ACCRUAL_qb0of3,C17_FCF_P_DYN_qmax4,0.3375809562111971,0.2805270124492769,0.05705394376192019,-0.332540694831737,0.5057471264367817,56.27,154.10256410256412
VOL_qb2of3__P_IC_qb0of3__C5_ROE_DYN_yoy__v0,VOL_qb2of3__P_IC_qb0of3,C5_ROE_DYN_yoy,0.33678213668976875,0.4151214551971951,-0.07833931850742637,-0.3163353240494099,0.5370611183355006,46.68,88.21052631578948
VOL_qb2of3__OCF_E_qb0of3__C19_FCF_P_DYN_yoy__v0,VOL_qb2of3__OCF_E_qb0of3,C19_FCF_P_DYN_yoy,0.33628406983825276,0.2808479357922822,0.055436134045970586,-0.35799289694865133,0.4457236842105263,58.06,186.27777777777777
VOL_qb2of3__NETDEBT_EBITDA_qb0of3__C12_EPS_DYN_yoy__v0,VOL_qb2of3__NETDEBT_EBITDA_qb0of3,C12_EPS_DYN_yoy,0.33599609243967166,0.3067750457478826,0.029221046691789043,-0.2882053489894455,0.5233366434955313,41.19,164.05263157894737
VOL_qb2of3__DEBTRATIO_qb0of3__C3_ROE_DYN_qmax4__v0,VOL_qb2of3__DEBTRATIO_qb0of3,C3_ROE_DYN_qmax4,0.33503297182226954,0.2912157668313322,0.04381720499093733,-0.33112647409538276,0.5224719101123596,44.51,74.46153846153847
VOL_qb2of3__OCF_E_qb2of3__C12_EPS_DYN_yoy__v0,VOL_qb2of3__OCF_E_qb2of3,C12_EPS_DYN_yoy,0.33386754919791173,0.2799014933148727,0.053966055883039044,-0.301237389583476,0.5380753138075314,45.68,112.85365853658537
VOL_qb2of3__P_IC_qb1of3__C15_FCF_P_DYN_riseq1__v0,VOL_qb2of3__P_IC_qb1of3,C15_FCF_P_DYN_riseq1,0.3326140646191724,0.3982678858664581,-0.06565382124728569,-0.32652519560064586,0.48616600790513836,43.53,123.1086956521739
VOL_qb2of3__PS_qb0of3__C15_FCF_P_DYN_riseq1__v0,VOL_qb2of3__PS_qb0of3,C15_FCF_P_DYN_riseq1,0.33251841847111896,0.3433534555412179,-0.010835037070098918,-0.3031307045165468,0.5023557126030624,41.53,143.57777777777778
VOL_qb2of3__None__C7_ROE_DYN_ytdavg_gt_lyavg__v0,VOL_qb2of3__None,C7_ROE_DYN_ytdavg_gt_lyavg,0.33149231586533534,0.28239130852834493,0.04910100733699041,-0.327743744750267,0.500823723228995,57.91,364.1666666666667
VOL_qb2of3__ROE_qb2of3__C3_ROE_DYN_qmax4__v0,VOL_qb2of3__ROE_qb2of3,C3_ROE_DYN_qmax4,0.3308007734677636,0.294495321655762,0.03630545181200162,-0.2749757827806203,0.545045045045045,43.32,72.3170731707317
VOL_qb2of3__MOM_qb0of3__C5_ROE_DYN_yoy__v0,VOL_qb2of3__MOM_qb0of3,C5_ROE_DYN_yoy,0.3306691755881397,0.35078379250611724,-0.020114616917977557,-0.3296373602977787,0.5496350364963504,53.3,132.52777777777777
VOL_qb2of3__None__C8_EPS_DYN_riseq1__v0,VOL_qb2of3__None,C8_EPS_DYN_riseq1,0.33018448164490644,0.28239130852834493,0.047793173116561505,-0.3162489187798919,0.5064904413500118,38.88,419.5
VOL_qb2of3__ROIC_qb0of3__None__v0,VOL_qb2of3__ROIC_qb0of3,None,0.32930729375233425,0.32930729375233425,0.0,-0.35243190819581915,0.47530095475300954,34.91,585.9166666666666
VOL_qb2of3__OCF_E_qb2of3__C17_FCF_P_DYN_qmax4__v0,VOL_qb2of3__OCF_E_qb2of3,C17_FCF_P_DYN_qmax4,0.32898121295016103,0.2799014933148727,0.049079719635288344,-0.2871614124287071,0.5280289330922242,60.42,90.17948717948718
VOL_qb2of3__OCF_E_qb2of3__C20_FCF_P_DYN_ytdavg_gt_lyytdavg__v0,VOL_qb2of3__OCF_E_qb2of3,C20_FCF_P_DYN_ytdavg_gt_lyytdavg,0.3287830315178488,0.2799014933148727,0.04888153820297614,-0.2827349208048914,0.5396440129449838,56.22,136.13888888888889
VOL_qb2of3__P_IC_qb1of3__C6_ROE_DYN_ytdavg_gt_lyytdavg__v0,VOL_qb2of3__P_IC_qb1of3,C6_ROE_DYN_ytdavg_gt_lyytdavg,0.32684310399902095,0.3982678858664581,-0.07142478186743717,-0.340006260277121,0.500651890482399,54.89,106.91666666666667
VOL_qb2of3__ROE_qb0of3__C17_FCF_P_DYN_qmax4__v0,VOL_qb2of3__ROE_qb0of3,C17_FCF_P_DYN_qmax4,0.3267376365568908,0.28073743399402407,0.04600020256286674,-0.33525028111508104,0.46491904394757133,52.96,134.6153846153846
VOL_qb2of3__FCF_P_qb0of3__None__v0,VOL_qb2of3__FCF_P_qb0of3,None,0.32617392728256056,0.32617392728256056,0.0,-0.370385776279039,0.4848121502797762,35.53,488.1666666666667
VOL_qb2of3__ACCRUAL_qb2of3__C6_ROE_DYN_ytdavg_gt_lyytdavg__v0,VOL_qb2of3__ACCRUAL_qb2of3,C6_ROE_DYN_ytdavg_gt_lyytdavg,0.32595660513462743,0.3579134073645456,-0.031956802229918146,-0.33014855215838834,0.536723163841808,59.66,117.05555555555556
VOL_qb2of3__NETDEBT_EBITDA_qb0of3__C9_EPS_DYN_riseq2__v0,VOL_qb2of3__NETDEBT_EBITDA_qb0of3,C9_EPS_DYN_riseq2,0.32453321758974285,0.3067750457478826,0.017758171841860237,-0.3038200884627248,0.5050270688321732,42.99,163.78571428571428
VOL_qb2of3__P_IC_qb0of3__C1_ROE_DYN_riseq1__v0,VOL_qb2of3__P_IC_qb0of3,C1_ROE_DYN_riseq1,0.3239445782132957,0.4151214551971951,-0.09117687698389942,-0.32817361701177383,0.5221637866265966,37.58,110.80434782608695
VOL_qb2of3__OCF_E_qb2of3__C10_EPS_DYN_qmax4__v0,VOL_qb2of3__OCF_E_qb2of3,C10_EPS_DYN_qmax4,0.32349313022963844,0.2799014933148727,0.04359163691476575,-0.30001304254942396,0.5244444444444445,48.84,74.29268292682927
VOL_qb2of3__CROIC_qb0of3__None__v0,VOL_qb2of3__CROIC_qb0of3,None,0.32339951452437266,0.32339951452437266,0.0,-0.3655488562271677,0.48047931967529955,35.61,519.2291666666666
VOL_qb2of3__ACCRUAL_qb2of3__C7_ROE_DYN_ytdavg_gt_lyavg__v0,VOL_qb2of3__ACCRUAL_qb2of3,C7_ROE_DYN_ytdavg_gt_lyavg,0.32314916504645086,0.3579134073645456,-0.03476424231809472,-0.3380119101658151,0.5346715328467153,61.27,119.11111111111111
VOL_qb2of3__MOM_qb0of3__C15_FCF_P_DYN_riseq1__v0,VOL_qb2of3__MOM_qb0of3,C15_FCF_P_DYN_riseq1,0.3222460055906522,0.35078379250611724,-0.028537786915465047,-0.29530812401266937,0.4975391498881432,43.34,164.26666666666668
VOL_qb2of3__None__C20_FCF_P_DYN_ytdavg_gt_lyytdavg__v0,VOL_qb2of3__None,C20_FCF_P_DYN_ytdavg_gt_lyytdavg,0.320615082860211,0.28239130852834493,0.03822377433186608,-0.3018726022320989,0.5091610414657667,56.62,415.5833333333333
VOL_qb2of3__ACCRUAL_qb0of3__C19_FCF_P_DYN_yoy__v0,VOL_qb2of3__ACCRUAL_qb0of3,C19_FCF_P_DYN_yoy,0.32032440479141466,0.2805270124492769,0.03979739234213775,-0.3130947338197475,0.5189161554192229,51.53,220.0
VOL_qb2of3__EV_S_qb0of3__C4_ROE_DYN_qmax8__v0,VOL_qb2of3__EV_S_qb0of3,C4_ROE_DYN_qmax8,0.31997635163563865,0.39391074614637867,-0.07393439451074002,-0.3640776699029128,0.5017064846416383,54.5,34.689655172413794
VOL_qb2of3__FCF_P_qb0of3__C9_EPS_DYN_riseq2__v0,VOL_qb2of3__FCF_P_qb0of3,C9_EPS_DYN_riseq2,0.3192551495610254,0.32617392728256056,-0.006918777721535152,-0.4218114975737113,0.4989373007438895,35.56,228.27272727272728
VOL_qb2of3__DEBTRATIO_qb0of3__C15_FCF_P_DYN_riseq1__v0,VOL_qb2of3__DEBTRATIO_qb0of3,C15_FCF_P_DYN_riseq1,0.31924872472854027,0.2912157668313322,0.028032957897208055,-0.3468706073811133,0.4739742804654011,44.19,158.53333333333333
VOL_qb2of3__ACCRUAL_qb0of3__C5_ROE_DYN_yoy__v0,VOL_qb2of3__ACCRUAL_qb0of3,C5_ROE_DYN_yoy,0.3188555772857964,0.2805270124492769,0.038328564836519474,-0.3318071027654288,0.5334313005143277,45.03,141.44736842105263
VOL_qb2of3__ROE_qb2of3__C10_EPS_DYN_qmax4__v0,VOL_qb2of3__ROE_qb2of3,C10_EPS_DYN_qmax4,0.31881717256285236,0.294495321655762,0.02432185090709038,-0.2853292886791863,0.5367965367965368,48.09,80.6829268292683
VOL_qb2of3__CROIC_qb0of3__C9_EPS_DYN_riseq2__v0,VOL_qb2of3__CROIC_qb0of3,C9_EPS_DYN_riseq2,0.31734116519358446,0.32339951452437266,-0.006058349330788193,-0.4146916719427465,0.49466382070437565,36.04,228.72727272727272
VOL_qb2of3__REVENUE_qb0of3__C9_EPS_DYN_riseq2__v0,VOL_qb2of3__REVENUE_qb0of3,C9_EPS_DYN_riseq2,0.31620467973986366,0.3644004503645708,-0.048195770624707146,-0.4216613988807446,0.47010178117048346,35.35,228.54545454545453
VOL_qb2of3__FCF_OI_qb0of3__None__v0,VOL_qb2of3__FCF_OI_qb0of3,None,0.31381289478356145,0.31381289478356145,0.0,-0.3527964652864807,0.48412698412698413,35.29,464.5625
VOL_qb2of3__EPS_qb0of3__None__v0,VOL_qb2of3__EPS_qb0of3,None,0.31319714438941104,0.31319714438941104,0.0,-0.35620453847148237,0.4709480122324159,35.96,565.75
VOL_qb2of3__PS_qb0of3__C20_FCF_P_DYN_ytdavg_gt_lyytdavg__v0,VOL_qb2of3__PS_qb0of3,C20_FCF_P_DYN_ytdavg_gt_lyytdavg,0.31306312506044054,0.3433534555412179,-0.03029033048077734,-0.2711032282819149,0.5396995708154506,54.7,148.66666666666666
VOL_qb2of3__ACCRUAL_qb2of3__C2_ROE_DYN_riseq2__v0,VOL_qb2of3__ACCRUAL_qb2of3,C2_ROE_DYN_riseq2,0.31219098428658976,0.3579134073645456,-0.04572242307795582,-0.32736713012619867,0.5317796610169492,47.12,125.16666666666667
VOL_qb2of3__EV_EBITDA_qb0of3__C17_FCF_P_DYN_qmax4__v0,VOL_qb2of3__EV_EBITDA_qb0of3,C17_FCF_P_DYN_qmax4,0.3121627612419684,0.3802593207379903,-0.06809655949602189,-0.32672323658889246,0.46747352496217853,52.79,136.66666666666666
VOL_qb2of3__P_IC_qb1of3__C19_FCF_P_DYN_yoy__v0,VOL_qb2of3__P_IC_qb1of3,C19_FCF_P_DYN_yoy,0.31047416155393925,0.3982678858664581,-0.08779372431251886,-0.3100871388891224,0.5208747514910537,51.94,113.26315789473684
VOL_qb2of3__DEBTRATIO_qb0of3__C17_FCF_P_DYN_qmax4__v0,VOL_qb2of3__DEBTRATIO_qb0of3,C17_FCF_P_DYN_qmax4,0.30900474584611803,0.2912157668313322,0.017788979014785822,-0.334167871314379,0.49206349206349204,69.68,85.66666666666667
VOL_qb2of3__None__C18_FCF_P_DYN_qmax8__v0,VOL_qb2of3__None,C18_FCF_P_DYN_qmax8,0.3075877063974213,0.28239130852834493,0.025196397869076348,-0.4029399699165871,0.4909090909090909,66.25,123.34482758620689
VOL_qb2of3__P_IC_qb1of3__C2_ROE_DYN_riseq2__v0,VOL_qb2of3__P_IC_qb1of3,C2_ROE_DYN_riseq2,0.30684466440488034,0.3982678858664581,-0.09142322146157777,-0.3412638438413399,0.48863636363636365,47.9,114.88095238095238
VOL_qb2of3__NETDEBT_EBITDA_qb0of3__None__v0,VOL_qb2of3__NETDEBT_EBITDA_qb0of3,None,0.3067750457478826,0.3067750457478826,0.0,-0.31818157224913934,0.4896640826873385,34.84,326.75
VOL_qb2of3__ROE_qb0of3__C15_FCF_P_DYN_riseq1__v0,VOL_qb2of3__ROE_qb0of3,C15_FCF_P_DYN_riseq1,0.30598791003029113,0.28073743399402407,0.025250476036267067,-0.3521997045103018,0.4554808072813613,42.93,248.88888888888889
VOL_qb2of3__EV_S_qb0of3__C5_ROE_DYN_yoy__v0,VOL_qb2of3__EV_S_qb0of3,C5_ROE_DYN_yoy,0.30545317371739844,0.39391074614637867,-0.08845757242898022,-0.36305266316944085,0.5423542354235423,41.6,106.65853658536585
VOL_qb2of3__PS_qb0of3__C3_ROE_DYN_qmax4__v0,VOL_qb2of3__PS_qb0of3,C3_ROE_DYN_qmax4,0.30126484131674824,0.3433534555412179,-0.042088614224469634,-0.2994830888637279,0.51621271076524,52.93,66.21951219512195
VOL_qb2of3__None__C1_ROE_DYN_riseq1__v0,VOL_qb2of3__None,C1_ROE_DYN_riseq1,0.30115773418067016,0.28239130852834493,0.018766425652325225,-0.3194489915638822,0.5036549707602339,41.13,374.7608695652174
VOL_qb2of3__None__C17_FCF_P_DYN_qmax4__v0,VOL_qb2of3__None,C17_FCF_P_DYN_qmax4,0.30102374445273883,0.28239130852834493,0.018632435924393898,-0.3109593862119847,0.4889867841409692,62.48,226.89743589743588
VOL_qb2of3__DEBTRATIO_qb0of3__C16_FCF_P_DYN_riseq2__v0,VOL_qb2of3__DEBTRATIO_qb0of3,C16_FCF_P_DYN_riseq2,0.3009186640314949,0.2912157668313322,0.009702897200162708,-0.33603259547000675,0.48360655737704916,43.06,155.66666666666666
VOL_qb2of3__P_IC_qb1of3__C5_ROE_DYN_yoy__v0,VOL_qb2of3__P_IC_qb1of3,C5_ROE_DYN_yoy,0.2963324165070862,0.3982678858664581,-0.10193546935937192,-0.32744846628905044,0.5068337129840547,48.35,100.0
VOL_qb2of3__ROE_qb2of3__C5_ROE_DYN_yoy__v0,VOL_qb2of3__ROE_qb2of3,C5_ROE_DYN_yoy,0.29562360311350666,0.294495321655762,0.0011282814577446842,-0.2955380577427824,0.5532338308457712,45.07,106.65853658536585
VOL_qb2of3__P_IC_qb1of3__C7_ROE_DYN_ytdavg_gt_lyavg__v0,VOL_qb2of3__P_IC_qb1of3,C7_ROE_DYN_ytdavg_gt_lyavg,0.295441960799935,0.3982678858664581,-0.1028259250665231,-0.3442036051112699,0.47959183673469385,56.02,111.19444444444444
VOL_qb2of3__OCF_E_qb2of3__C1_ROE_DYN_riseq1__v0,VOL_qb2of3__OCF_E_qb2of3,C1_ROE_DYN_riseq1,0.29530248164739414,0.2799014933148727,0.01540098833252146,-0.2981116832317384,0.5223482321547699,43.42,110.02173913043478
VOL_qb2of3__ROE_qb2of3__None__v0,VOL_qb2of3__ROE_qb2of3,None,0.294495321655762,0.294495321655762,0.0,-0.28543295737353125,0.5137948984903696,43.95,197.25
VOL_qb2of3__MOM_qb0of3__C9_EPS_DYN_riseq2__v0,VOL_qb2of3__MOM_qb0of3,C9_EPS_DYN_riseq2,0.2924696825372082,0.35078379250611724,-0.05831410996890907,-0.41916127515191404,0.538214858364511,38.39,150.61363636363637
VOL_qb2of3__DEBTRATIO_qb0of3__None__v0,VOL_qb2of3__DEBTRATIO_qb0of3,None,0.2912157668313322,0.2912157668313322,0.0,-0.353759805176317,0.46046186144156753,38.4,332.7708333333333
VOL_qb2of3__FCF_OI_qb0of3__C9_EPS_DYN_riseq2__v0,VOL_qb2of3__FCF_OI_qb0of3,C9_EPS_DYN_riseq2,0.2898855916726475,0.31381289478356145,-0.023927303110913956,-0.4433620184547361,0.4985706117781589,35.95,206.29545454545453
VOL_qb2of3__ROE_qb2of3__C8_EPS_DYN_riseq1__v0,VOL_qb2of3__ROE_qb2of3,C8_EPS_DYN_riseq1,0.28872034492895704,0.294495321655762,-0.005774976726804937,-0.2850721825849222,0.5282258064516129,45.61,118.1304347826087
VOL_qb2of3__ROE_qb0of3__C9_EPS_DYN_riseq2__v0,VOL_qb2of3__ROE_qb0of3,C9_EPS_DYN_riseq2,0.2880986738576239,0.28073743399402407,0.007361239863599822,-0.40558931579536406,0.4847457627118644,37.84,227.29545454545453
VOL_qb2of3__PS_qb0of3__C4_ROE_DYN_qmax8__v0,VOL_qb2of3__PS_qb0of3,C4_ROE_DYN_qmax8,0.2844126226449366,0.3433534555412179,-0.05894083289628127,-0.4029399699165871,0.4895833333333333,58.95,33.172413793103445
VOL_qb2of3__ACCRUAL_qb2of3__C19_FCF_P_DYN_yoy__v0,VOL_qb2of3__ACCRUAL_qb2of3,C19_FCF_P_DYN_yoy,0.28318880040873107,0.3579134073645456,-0.07472460695581451,-0.3160223249260382,0.5005793742757821,71.01,85.77777777777777
VOL_qb2of3__None__C19_FCF_P_DYN_yoy__v0,VOL_qb2of3__None,C19_FCF_P_DYN_yoy,0.28284162101795385,0.28239130852834493,0.00045031248960891723,-0.3016411858978567,0.5027047913446677,58.7,395.3157894736842
VOL_qb2of3__None__None__v0,VOL_qb2of3__None,None,0.28239130852834493,0.28239130852834493,0.0,-0.3186819179421182,0.5060305548110426,41.0,899.8541666666666
VOL_qb2of3__NETDEBT_EBITDA_qb0of3__C5_ROE_DYN_yoy__v0,VOL_qb2of3__NETDEBT_EBITDA_qb0of3,C5_ROE_DYN_yoy,0.2820272644239774,0.3067750457478826,-0.024747781323905205,-0.3004649536306343,0.5216931216931217,48.36,136.39473684210526
VOL_qb2of3__OCF_E_qb2of3__C19_FCF_P_DYN_yoy__v0,VOL_qb2of3__OCF_E_qb2of3,C19_FCF_P_DYN_yoy,0.2811250736097666,0.2799014933148727,0.001223580294893889,-0.28246817985172823,0.533879374534624,60.47,130.76315789473685
VOL_qb2of3__OCF_E_qb0of3__None__v0,VOL_qb2of3__OCF_E_qb0of3,None,0.2808479357922822,0.2808479357922822,0.0,-0.362751605870241,0.4595300261096606,38.93,496.6666666666667
VOL_qb2of3__ROE_qb0of3__None__v0,VOL_qb2of3__ROE_qb0of3,None,0.28073743399402407,0.28073743399402407,0.0,-0.35488163520761684,0.46380471380471383,38.13,524.3958333333334
VOL_qb2of3__ACCRUAL_qb0of3__None__v0,VOL_qb2of3__ACCRUAL_qb0of3,None,0.2805270124492769,0.2805270124492769,0.0,-0.3363484653283827,0.4788306451612903,40.27,427.3333333333333
VOL_qb2of3__OCF_E_qb2of3__None__v0,VOL_qb2of3__OCF_E_qb2of3,None,0.2799014933148727,0.2799014933148727,0.0,-0.2924508278454778,0.5007739938080495,45.72,236.4375
VOL_qb2of3__ROE_qb2of3__C1_ROE_DYN_riseq1__v0,VOL_qb2of3__ROE_qb2of3,C1_ROE_DYN_riseq1,0.27940904659150956,0.294495321655762,-0.015086275064252419,-0.2914806332602964,0.5244618395303327,45.51,115.54347826086956
VOL_qb2of3__ACCRUAL_qb2of3__C18_FCF_P_DYN_qmax8__v0,VOL_qb2of3__ACCRUAL_qb2of3,C18_FCF_P_DYN_qmax8,0.27794821375599676,0.3579134073645456,-0.07996519360854881,-0.28007005906557714,0.4909090909090909,80.05,15.307692307692308
VOL_qb2of3__ACCRUAL_qb0of3__C9_EPS_DYN_riseq2__v0,VOL_qb2of3__ACCRUAL_qb0of3,C9_EPS_DYN_riseq2,0.2761901253808525,0.2805270124492769,-0.004336887068424389,-0.3930012221982645,0.5106157112526539,39.95,174.75
VOL_qb2of3__MOM_qb0of3__C16_FCF_P_DYN_riseq2__v0,VOL_qb2of3__MOM_qb0of3,C16_FCF_P_DYN_riseq2,0.27497042203663913,0.35078379250611724,-0.07581337046947811,-0.4283555568105234,0.5240384615384616,35.71,152.4318181818182
VOL_qb2of3__ACCRUAL_qb0of3__C15_FCF_P_DYN_riseq1__v0,VOL_qb2of3__ACCRUAL_qb0of3,C15_FCF_P_DYN_riseq1,0.2748680031635309,0.2805270124492769,-0.005659009285746031,-0.33281296673400673,0.49340804218853,43.63,243.1304347826087
VOL_qb2of3__EV_S_qb0of3__C3_ROE_DYN_qmax4__v0,VOL_qb2of3__EV_S_qb0of3,C3_ROE_DYN_qmax4,0.27324022976046347,0.39391074614637867,-0.1206705163859152,-0.2803380005295383,0.52088772845953,48.85,67.04878048780488
VOL_qb2of3__OCF_E_qb2of3__C8_EPS_DYN_riseq1__v0,VOL_qb2of3__OCF_E_qb2of3,C8_EPS_DYN_riseq1,0.27033128098848147,0.2799014933148727,-0.009570212326391214,-0.2938739938311362,0.5195137555982086,47.37,118.76086956521739
VOL_qb2of3__DEBTRATIO_qb0of3__C2_ROE_DYN_riseq2__v0,VOL_qb2of3__DEBTRATIO_qb0of3,C2_ROE_DYN_riseq2,0.26961647741522854,0.2912157668313322,-0.021599289416103673,-0.3346798068779262,0.48430873621713316,46.23,142.26190476190476
VOL_qb2of3__NETDEBT_EBITDA_qb0of3__C10_EPS_DYN_qmax4__v0,VOL_qb2of3__NETDEBT_EBITDA_qb0of3,C10_EPS_DYN_qmax4,0.2692210965719415,0.3067750457478826,-0.037553949175941126,-0.29960827496826914,0.529923830250272,49.2,99.6923076923077
VOL_qb2of3__EV_EBITDA_qb0of3__C2_ROE_DYN_riseq2__v0,VOL_qb2of3__EV_EBITDA_qb0of3,C2_ROE_DYN_riseq2,0.26918317972367745,0.3802593207379903,-0.11107614101431285,-0.40857989429212493,0.504390779363337,40.2,200.75
VOL_qb2of3__NETDEBT_EBITDA_qb0of3__C2_ROE_DYN_riseq2__v0,VOL_qb2of3__NETDEBT_EBITDA_qb0of3,C2_ROE_DYN_riseq2,0.26728438744111216,0.3067750457478826,-0.039490658306770454,-0.30874642838371424,0.5085714285714286,47.49,142.42857142857142
VOL_qb2of3__OCF_E_qb2of3__C5_ROE_DYN_yoy__v0,VOL_qb2of3__OCF_E_qb2of3,C5_ROE_DYN_yoy,0.26697602440971835,0.2799014933148727,-0.012925468905154336,-0.3073603945506308,0.5378787878787878,47.56,98.14634146341463
VOL_qb2of3__NETDEBT_EBITDA_qb0of3__C19_FCF_P_DYN_yoy__v0,VOL_qb2of3__NETDEBT_EBITDA_qb0of3,C19_FCF_P_DYN_yoy,0.26660031431168485,0.3067750457478826,-0.040174731436197764,-0.2834088777913327,0.5046343975283213,50.62,140.55263157894737
VOL_qb2of3__PS_qb0of3__C16_FCF_P_DYN_riseq2__v0,VOL_qb2of3__PS_qb0of3,C16_FCF_P_DYN_riseq2,0.2640230947444657,0.3433534555412179,-0.07933036079675215,-0.3942122186495175,0.5289317507418397,40.29,145.4318181818182
VOL_qb2of3__ROIC_qb0of3__C2_ROE_DYN_riseq2__v0,VOL_qb2of3__ROIC_qb0of3,C2_ROE_DYN_riseq2,0.263522159413041,0.32930729375233425,-0.06578513433929323,-0.4231386614444359,0.48747815958066393,40.01,200.79545454545453
VOL_qb2of3__ROE_qb2of3__C16_FCF_P_DYN_riseq2__v0,VOL_qb2of3__ROE_qb2of3,C16_FCF_P_DYN_riseq2,0.2626158071756304,0.294495321655762,-0.0318795144801316,-0.30694523216697855,0.5379188712522046,62.15,104.19047619047619
VOL_qb2of3__OCF_E_qb0of3__C15_FCF_P_DYN_riseq1__v0,VOL_qb2of3__OCF_E_qb0of3,C15_FCF_P_DYN_riseq1,0.2614891573961087,0.2808479357922822,-0.019358778396173504,-0.3864046592039452,0.423692636072572,48.14,189.84444444444443
VOL_qb2of3__EPS_qb0of3__C2_ROE_DYN_riseq2__v0,VOL_qb2of3__EPS_qb0of3,C2_ROE_DYN_riseq2,0.2610208089018409,0.31319714438941104,-0.05217633548757017,-0.4200200129737023,0.488013698630137,40.59,205.38636363636363
VOL_qb2of3__ROE_qb2of3__C19_FCF_P_DYN_yoy__v0,VOL_qb2of3__ROE_qb2of3,C19_FCF_P_DYN_yoy,0.2598117266626869,0.294495321655762,-0.03468359499307505,-0.27820013693213486,0.5257270693512305,63.84,92.6842105263158
VOL_qb2of3__NETDEBT_EBITDA_qb0of3__C15_FCF_P_DYN_riseq1__v0,VOL_qb2of3__NETDEBT_EBITDA_qb0of3,C15_FCF_P_DYN_riseq1,0.25731562888313,0.3067750457478826,-0.04945941686475264,-0.30483918219574335,0.48772813089993705,45.23,146.93478260869566
VOL_qb2of3__ACCRUAL_qb0of3__C2_ROE_DYN_riseq2__v0,VOL_qb2of3__ACCRUAL_qb0of3,C2_ROE_DYN_riseq2,0.25475855014275073,0.2805270124492769,-0.025768462306526185,-0.3767885375411768,0.5070093457943925,42.56,148.95454545454547
VOL_qb2of3__ACCRUAL_qb2of3__C15_FCF_P_DYN_riseq1__v0,VOL_qb2of3__ACCRUAL_qb2of3,C15_FCF_P_DYN_riseq1,0.254093320270377,0.3579134073645456,-0.10382008709416857,-0.31632524814958274,0.49369747899159666,62.78,74.24444444444444
VOL_qb2of3__REVENUE_qb0of3__C16_FCF_P_DYN_riseq2__v0,VOL_qb2of3__REVENUE_qb0of3,C16_FCF_P_DYN_riseq2,0.2510049788766595,0.3644004503645708,-0.11339547148791129,-0.4300969933019142,0.4618447246184472,37.97,209.3181818181818
VOL_qb2of3__FCF_P_qb0of3__C2_ROE_DYN_riseq2__v0,VOL_qb2of3__FCF_P_qb0of3,C2_ROE_DYN_riseq2,0.2508895688061197,0.32617392728256056,-0.07528435847644088,-0.4396603071095758,0.5053102291783119,40.65,188.04545454545453
VOL_qb2of3__ROE_qb2of3__C17_FCF_P_DYN_qmax4__v0,VOL_qb2of3__ROE_qb2of3,C17_FCF_P_DYN_qmax4,0.2506682503106361,0.294495321655762,-0.04382707134512587,-0.27581292597467033,0.5204855842185129,68.65,54.30769230769231
VOL_qb2of3__FCF_P_qb0of3__C17_FCF_P_DYN_qmax4__v0,VOL_qb2of3__FCF_P_qb0of3,C17_FCF_P_DYN_qmax4,0.24893364505974103,0.32617392728256056,-0.07724028222281953,-0.3801073607455253,0.4212076583210604,62.8,80.58974358974359
VOL_qb2of3__OCF_E_qb0of3__C9_EPS_DYN_riseq2__v0,VOL_qb2of3__OCF_E_qb0of3,C9_EPS_DYN_riseq2,0.2486482714719287,0.2808479357922822,-0.03219966432035348,-0.4155676772173088,0.4819341126461211,41.39,223.0909090909091
VOL_qb2of3__ACCRUAL_qb2of3__C17_FCF_P_DYN_qmax4__v0,VOL_qb2of3__ACCRUAL_qb2of3,C17_FCF_P_DYN_qmax4,0.24711784692593008,0.3579134073645456,-0.11079556043861549,-0.2869043097569246,0.46885245901639344,67.83,28.05263157894737
VOL_qb2of3__OCF_E_qb2of3__C15_FCF_P_DYN_riseq1__v0,VOL_qb2of3__OCF_E_qb2of3,C15_FCF_P_DYN_riseq1,0.24174959142512487,0.2799014933148727,-0.03815190188974782,-0.2898576924889349,0.5181347150259067,50.95,140.7173913043478
VOL_qb2of3__MOM_qb0of3__C2_ROE_DYN_riseq2__v0,VOL_qb2of3__MOM_qb0of3,C2_ROE_DYN_riseq2,0.2412818662516678,0.35078379250611724,-0.10950192625444943,-0.45887895934881473,0.5408284023668639,42.47,131.75
VOL_qb2of3__EV_EBITDA_qb0of3__C16_FCF_P_DYN_riseq2__v0,VOL_qb2of3__EV_EBITDA_qb0of3,C16_FCF_P_DYN_riseq2,0.2399233485789949,0.3802593207379903,-0.1403359721589954,-0.39069616274025587,0.4845953002610966,40.35,234.0
VOL_qb2of3__P_IC_qb1of3__C17_FCF_P_DYN_qmax4__v0,VOL_qb2of3__P_IC_qb1of3,C17_FCF_P_DYN_qmax4,0.23875844589773965,0.3982678858664581,-0.15950943996871847,-0.33057467849266087,0.49022346368715086,69.82,64.58974358974359
VOL_qb2of3__None__C5_ROE_DYN_yoy__v0,VOL_qb2of3__None,C5_ROE_DYN_yoy,0.23825138174488925,0.28239130852834493,-0.044139926783455685,-0.32313024533560064,0.5112554112554113,52.09,316.2926829268293
VOL_qb2of3__PS_qb0of3__C5_ROE_DYN_yoy__v0,VOL_qb2of3__PS_qb0of3,C5_ROE_DYN_yoy,0.23731587793458253,0.3433534555412179,-0.10603757760663535,-0.34707857160613187,0.5222584147665581,48.89,105.29268292682927
VOL_qb2of3__P_IC_qb1of3__C18_FCF_P_DYN_qmax8__v0,VOL_qb2of3__P_IC_qb1of3,C18_FCF_P_DYN_qmax8,0.23605190440795165,0.3982678858664581,-0.16221598145850646,-0.39641172806869807,0.5231316725978647,72.87,32.206896551724135
VOL_qb2of3__ROIC_qb0of3__C16_FCF_P_DYN_riseq2__v0,VOL_qb2of3__ROIC_qb0of3,C16_FCF_P_DYN_riseq2,0.23599525074237349,0.32930729375233425,-0.09331204300996077,-0.41893363020078533,0.4794728839330968,40.32,248.6818181818182
VOL_qb2of3__CROIC_qb0of3__C2_ROE_DYN_riseq2__v0,VOL_qb2of3__CROIC_qb0of3,C2_ROE_DYN_riseq2,0.23550305066068367,0.32339951452437266,-0.08789646386368899,-0.45636050869976874,0.4997198879551821,41.27,188.95454545454547
VOL_qb2of3__None__C15_FCF_P_DYN_riseq1__v0,VOL_qb2of3__None,C15_FCF_P_DYN_riseq1,0.23315556444934438,0.28239130852834493,-0.049235744079000554,-0.3227382172869231,0.47744014732965007,51.85,409.4347826086956
VOL_qb2of3__None__C9_EPS_DYN_riseq2__v0,VOL_qb2of3__None,C9_EPS_DYN_riseq2,0.23292444312550065,0.28239130852834493,-0.049466865402844284,-0.40017845802711816,0.49938003719776813,45.15,416.90909090909093
VOL_qb2of3__FCF_OI_qb0of3__C2_ROE_DYN_riseq2__v0,VOL_qb2of3__FCF_OI_qb0of3,C2_ROE_DYN_riseq2,0.23255189124394682,0.31381289478356145,-0.08126100353961463,-0.4467130465840019,0.5044457617071725,41.01,173.22727272727272
VOL_qb2of3__EPS_qb0of3__C16_FCF_P_DYN_riseq2__v0,VOL_qb2of3__EPS_qb0of3,C16_FCF_P_DYN_riseq2,0.22967988180750454,0.31319714438941104,-0.0835172625819065,-0.41876653346381,0.4801192842942346,41.3,252.4318181818182
VOL_qb2of3__CROIC_qb0of3__C17_FCF_P_DYN_qmax4__v0,VOL_qb2of3__CROIC_qb0of3,C17_FCF_P_DYN_qmax4,0.22556854271544813,0.32339951452437266,-0.09783097180892453,-0.37861015255605956,0.42857142857142855,66.7,81.97435897435898
VOL_qb2of3__FCF_P_qb0of3__C16_FCF_P_DYN_riseq2__v0,VOL_qb2of3__FCF_P_qb0of3,C16_FCF_P_DYN_riseq2,0.22274176287746572,0.32617392728256056,-0.10343216440509484,-0.44891824022975135,0.45706174591909154,40.06,172.97727272727272
VOL_qb2of3__ROE_qb2of3__C15_FCF_P_DYN_riseq1__v0,VOL_qb2of3__ROE_qb2of3,C15_FCF_P_DYN_riseq1,0.2221993564402962,0.294495321655762,-0.07229596521546577,-0.2832258147368817,0.5117157974300831,56.17,100.04347826086956
VOL_qb2of3__ROE_qb0of3__C2_ROE_DYN_riseq2__v0,VOL_qb2of3__ROE_qb0of3,C2_ROE_DYN_riseq2,0.22137994513392223,0.28073743399402407,-0.05935748886010184,-0.42333945979449206,0.4829142488716957,44.81,177.0909090909091
VOL_qb2of3__P_IC_qb0of3__C4_ROE_DYN_qmax8__v0,VOL_qb2of3__P_IC_qb0of3,C4_ROE_DYN_qmax8,0.21996826237221923,0.4151214551971951,-0.1951531928249759,-0.31151900034587165,0.4975609756097561,87.77,23.857142857142858
VOL_qb2of3__ROE_qb0of3__C16_FCF_P_DYN_riseq2__v0,VOL_qb2of3__ROE_qb0of3,C16_FCF_P_DYN_riseq2,0.21957416175780953,0.28073743399402407,-0.06116327223621454,-0.4236634794991856,0.47006302521008403,41.27,234.1590909090909
VOL_qb2of3__REVENUE_qb0of3__C2_ROE_DYN_riseq2__v0,VOL_qb2of3__REVENUE_qb0of3,C2_ROE_DYN_riseq2,0.21943725126733393,0.3644004503645708,-0.14496319909723687,-0.4734351801991957,0.4696868754163891,41.04,187.3181818181818
VOL_qb2of3__CROIC_qb0of3__C16_FCF_P_DYN_riseq2__v0,VOL_qb2of3__CROIC_qb0of3,C16_FCF_P_DYN_riseq2,0.21500428363511426,0.32339951452437266,-0.1083952308892584,-0.4265456953350044,0.4527757750540735,41.09,173.63636363636363
VOL_qb2of3__FCF_OI_qb0of3__C16_FCF_P_DYN_riseq2__v0,VOL_qb2of3__FCF_OI_qb0of3,C16_FCF_P_DYN_riseq2,0.21411184260239358,0.31381289478356145,-0.09970105218116787,-0.44562788217287497,0.4577572964669739,39.45,152.6590909090909
VOL_qb2of3__OCF_E_qb0of3__C17_FCF_P_DYN_qmax4__v0,VOL_qb2of3__OCF_E_qb0of3,C17_FCF_P_DYN_qmax4,0.2075067899142815,0.2808479357922822,-0.07334114587800067,-0.37798394256150125,0.4218942189421894,76.89,89.92307692307692
VOL_qb2of3__None__C2_ROE_DYN_riseq2__v0,VOL_qb2of3__None,C2_ROE_DYN_riseq2,0.2013524268460658,0.28239130852834493,-0.08103888168227913,-0.3793712434558143,0.5012936610608021,49.73,360.15909090909093
VOL_qb2of3__P_IC_qb0of3__C16_FCF_P_DYN_riseq2__v0,VOL_qb2of3__P_IC_qb0of3,C16_FCF_P_DYN_riseq2,0.1985787413289153,0.4151214551971951,-0.21654271386827983,-0.3984031717078277,0.5167910447761194,44.74,110.68181818181819
VOL_qb2of3__ACCRUAL_qb0of3__C16_FCF_P_DYN_riseq2__v0,VOL_qb2of3__ACCRUAL_qb0of3,C16_FCF_P_DYN_riseq2,0.19605702063660102,0.2805270124492769,-0.0844699918126759,-0.392326468100338,0.5078060805258833,47.86,232.02272727272728
VOL_qb2of3__OCF_E_qb0of3__C16_FCF_P_DYN_riseq2__v0,VOL_qb2of3__OCF_E_qb0of3,C16_FCF_P_DYN_riseq2,0.18304411485759386,0.2808479357922822,-0.09780382093468831,-0.4552675773222806,0.43677375256322626,44.74,177.27272727272728
VOL_qb2of3__None__C16_FCF_P_DYN_riseq2__v0,VOL_qb2of3__None,C16_FCF_P_DYN_riseq2,0.18067723243841827,0.28239130852834493,-0.10171407608992666,-0.3836668846969149,0.49582689335394126,50.3,398.8636363636364
VOL_qb2of3__OCF_E_qb2of3__C16_FCF_P_DYN_riseq2__v0,VOL_qb2of3__OCF_E_qb2of3,C16_FCF_P_DYN_riseq2,0.1735363511482828,0.2799014933148727,-0.10636514216658988,-0.3942122186495175,0.5285714285714286,54.48,137.3181818181818
VOL_qb2of3__OCF_E_qb0of3__C2_ROE_DYN_riseq2__v0,VOL_qb2of3__OCF_E_qb0of3,C2_ROE_DYN_riseq2,0.17100392633314487,0.2808479357922822,-0.1098440094591373,-0.46110432706798543,0.4862813776999416,49.4,179.75
